Arguments: 
  C:\nvm4w\nodejs\node.exe C:\Users\Peter Gachora\AppData\Roaming\npm\node_modules\yarn\bin\yarn.js install

PATH: 
  C:\Program Files\Eclipse Adoptium\jdk-17.0.16.8-hotspot\bin;C:\Program Files\Eclipse Adoptium\jdk-17.0.16.8-hotspot\bin;C:\WINDOWS\system32;C:\WINDOWS;C:\WINDOWS\System32\Wbem;C:\WINDOWS\System32\WindowsPowerShell\v1.0\;C:\WINDOWS\System32\OpenSSH\;C:\Program Files\Git\cmd;C:\Program Files\Java\jdk-16.0.2\bin;C:\Program Files\PuTTY\;C:\Program Files\MongoDB\Server\7.0\bin;C:\Program Files\Docker\Docker\resources\bin;C:\Program Files\MongoDB\Tools\100\bin;C:\Program Files\dotnet\;C:\Users\Peter Gachora\AppData\Local\nvm;C:\nvm4w\nodejs;C:\Users\Peter Gachora\AppData\Local\Programs\Python\Python313\Scripts\;C:\Users\Peter Gachora\AppData\Local\Programs\Python\Python313\;C:\Users\Peter Gachora\scoop\shims;C:\Users\Peter Gachora\.console-ninja\.bin;C:\Users\Peter Gachora\AppData\Local\Microsoft\WindowsApps;C:\Users\Peter Gachora\AppData\Local\Programs\Microsoft VS Code\bin;C:\Users\Peter Gachora\AppData\Local\Programs\oh-my-posh\bin;C:\Users\Peter Gachora\AppData\Local\Microsoft\WindowsApps;C:\Users\Peter Gachora\AppData\Local\Programs\mongosh\;C:\Users\Peter Gachora\.dotnet\tools;C:\Users\Peter Gachora\AppData\Roaming\npm;C:\Users\Peter Gachora\AppData\Local\nvm;C:\nvm4w\nodejs;c:\Users\Peter Gachora\AppData\Roaming\Code\User\globalStorage\github.copilot-chat\debugCommand

Yarn version: 
  1.22.19

Node version: 
  20.19.4

Platform: 
  win32 x64

Trace: 
  Error: https://registry.yarnpkg.com/date-fns/-/date-fns-2.30.0.tgz: ESOCKETTIMEDOUT
      at ClientRequest.<anonymous> (C:\Users\Peter Gachora\AppData\Roaming\npm\node_modules\yarn\lib\cli.js:141517:19)
      at Object.onceWrapper (node:events:638:28)
      at ClientRequest.emit (node:events:524:28)
      at TLSSocket.emitRequestTimeout (node:_http_client:849:9)
      at Object.onceWrapper (node:events:638:28)
      at TLSSocket.emit (node:events:536:35)
      at Socket._onTimeout (node:net:595:8)
      at listOnTimeout (node:internal/timers:581:17)
      at process.processTimers (node:internal/timers:519:7)

npm manifest: 
  {
    "name": "my-juakali-api",
    "version": "1.0.0",
    "description": "",
    "main": "server.js",
    "scripts": {
      "start": "node server",
      "dev": "nodemon server"
    },
    "keywords": [],
    "author": "",
    "license": "ISC",
    "dependencies": {
      "axios": "^1.10.0",
      "bcrypt": "^6.0.0",
      "bcryptjs": "^3.0.2",
      "body-parser": "^1.19.0",
      "cloudinary": "^2.7.0",
      "cookie-parser": "^1.4.6",
      "cors": "^2.8.5",
      "csv-parser": "^3.0.0",
      "date-fns": "^2.29.3",
      "dotenv": "^16.0.3",
      "escape-string-regexp": "^5.0.0",
      "escape-string-regexp-node": "^1.0.2",
      "express": "^4.18.2",
      "express-async-handler": "^1.2.0",
      "express-rate-limit": "^6.6.0",
      "google-auth-library": "^10.3.0",
      "jsonwebtoken": "^8.5.1",
      "moment": "^2.30.1",
      "moment-timezone": "^0.5.45",
      "mongoose": "^6.7.0",
      "mongoose-sequence": "^5.3.1",
      "multer": "^2.0.1",
      "node-cron": "^3.0.2",
      "nodejs-base64": "^2.0.0",
      "passport": "^0.7.0",
      "passport-google-oauth20": "^2.0.0",
      "pm2": "^5.3.0",
      "socket.io": "^4.8.1",
      "unirest": "^0.6.0",
      "uuid": "^11.1.0"
    },
    "devDependencies": {
      "nodemon": "^2.0.22"
    }
  }

yarn manifest: 
  No manifest

Lockfile: 
  # THIS IS AN AUTOGENERATED FILE. DO NOT EDIT THIS FILE DIRECTLY.
  # yarn lockfile v1
  
  
  "@aws-crypto/sha256-browser@5.2.0":
    version "5.2.0"
    resolved "https://registry.yarnpkg.com/@aws-crypto/sha256-browser/-/sha256-browser-5.2.0.tgz#153895ef1dba6f9fce38af550e0ef58988eb649e"
    integrity sha512-AXfN/lGotSQwu6HNcEsIASo7kWXZ5HYWvfOmSNKDsEqC4OashTp8alTmaz+F7TC2L083SFv5RdB+qU3Vs1kZqw==
    dependencies:
      "@aws-crypto/sha256-js" "^5.2.0"
      "@aws-crypto/supports-web-crypto" "^5.2.0"
      "@aws-crypto/util" "^5.2.0"
      "@aws-sdk/types" "^3.222.0"
      "@aws-sdk/util-locate-window" "^3.0.0"
      "@smithy/util-utf8" "^2.0.0"
      tslib "^2.6.2"
  
  "@aws-crypto/sha256-js@5.2.0", "@aws-crypto/sha256-js@^5.2.0":
    version "5.2.0"
    resolved "https://registry.yarnpkg.com/@aws-crypto/sha256-js/-/sha256-js-5.2.0.tgz#c4fdb773fdbed9a664fc1a95724e206cf3860042"
    integrity sha512-FFQQyu7edu4ufvIZ+OadFpHHOt+eSTBaYaki44c+akjg7qZg9oOQeLlk77F6tSYqjDAFClrHJk9tMf0HdVyOvA==
    dependencies:
      "@aws-crypto/util" "^5.2.0"
      "@aws-sdk/types" "^3.222.0"
      tslib "^2.6.2"
  
  "@aws-crypto/supports-web-crypto@^5.2.0":
    version "5.2.0"
    resolved "https://registry.yarnpkg.com/@aws-crypto/supports-web-crypto/-/supports-web-crypto-5.2.0.tgz#a1e399af29269be08e695109aa15da0a07b5b5fb"
    integrity sha512-iAvUotm021kM33eCdNfwIN//F77/IADDSs58i+MDaOqFrVjZo9bAal0NK7HurRuWLLpF1iLX7gbWrjHjeo+YFg==
    dependencies:
      tslib "^2.6.2"
  
  "@aws-crypto/util@^5.2.0":
    version "5.2.0"
    resolved "https://registry.yarnpkg.com/@aws-crypto/util/-/util-5.2.0.tgz#71284c9cffe7927ddadac793c14f14886d3876da"
    integrity sha512-4RkU9EsI6ZpBve5fseQlGNUWKMa1RLPQ1dnjnQoe07ldfIzcsGb5hC5W0Dm7u423KWzawlrpbjXBrXCEv9zazQ==
    dependencies:
      "@aws-sdk/types" "^3.222.0"
      "@smithy/util-utf8" "^2.0.0"
      tslib "^2.6.2"
  
  "@aws-sdk/client-cognito-identity@3.848.0":
    version "3.848.0"
    resolved "https://registry.yarnpkg.com/@aws-sdk/client-cognito-identity/-/client-cognito-identity-3.848.0.tgz#d7461128c39214a3d37c69eae6dceddfb7931f2a"
    integrity sha512-Sin8aLnA81MgvUJrfQsBIQ1UJg4klWT3NuYYjExLiVQf3A0/F7Bfx1HTIyWXtSchY4QgGr7MMone0/0KZ4Dy9g==
    dependencies:
      "@aws-crypto/sha256-browser" "5.2.0"
      "@aws-crypto/sha256-js" "5.2.0"
      "@aws-sdk/core" "3.846.0"
      "@aws-sdk/credential-provider-node" "3.848.0"
      "@aws-sdk/middleware-host-header" "3.840.0"
      "@aws-sdk/middleware-logger" "3.840.0"
      "@aws-sdk/middleware-recursion-detection" "3.840.0"
      "@aws-sdk/middleware-user-agent" "3.848.0"
      "@aws-sdk/region-config-resolver" "3.840.0"
      "@aws-sdk/types" "3.840.0"
      "@aws-sdk/util-endpoints" "3.848.0"
      "@aws-sdk/util-user-agent-browser" "3.840.0"
      "@aws-sdk/util-user-agent-node" "3.848.0"
      "@smithy/config-resolver" "^4.1.4"
      "@smithy/core" "^3.7.0"
      "@smithy/fetch-http-handler" "^5.1.0"
      "@smithy/hash-node" "^4.0.4"
      "@smithy/invalid-dependency" "^4.0.4"
      "@smithy/middleware-content-length" "^4.0.4"
      "@smithy/middleware-endpoint" "^4.1.15"
      "@smithy/middleware-retry" "^4.1.16"
      "@smithy/middleware-serde" "^4.0.8"
      "@smithy/middleware-stack" "^4.0.4"
      "@smithy/node-config-provider" "^4.1.3"
      "@smithy/node-http-handler" "^4.1.0"
      "@smithy/protocol-http" "^5.1.2"
      "@smithy/smithy-client" "^4.4.7"
      "@smithy/types" "^4.3.1"
      "@smithy/url-parser" "^4.0.4"
      "@smithy/util-base64" "^4.0.0"
      "@smithy/util-body-length-browser" "^4.0.0"
      "@smithy/util-body-length-node" "^4.0.0"
      "@smithy/util-defaults-mode-browser" "^4.0.23"
      "@smithy/util-defaults-mode-node" "^4.0.23"
      "@smithy/util-endpoints" "^3.0.6"
      "@smithy/util-middleware" "^4.0.4"
      "@smithy/util-retry" "^4.0.6"
      "@smithy/util-utf8" "^4.0.0"
      tslib "^2.6.2"
  
  "@aws-sdk/client-sso@3.848.0":
    version "3.848.0"
    resolved "https://registry.yarnpkg.com/@aws-sdk/client-sso/-/client-sso-3.848.0.tgz#84178a83af2a1ce5d0ddfcfc980f4fe71987c01a"
    integrity sha512-mD+gOwoeZQvbecVLGoCmY6pS7kg02BHesbtIxUj+PeBqYoZV5uLvjUOmuGfw1SfoSobKvS11urxC9S7zxU/Maw==
    dependencies:
      "@aws-crypto/sha256-browser" "5.2.0"
      "@aws-crypto/sha256-js" "5.2.0"
      "@aws-sdk/core" "3.846.0"
      "@aws-sdk/middleware-host-header" "3.840.0"
      "@aws-sdk/middleware-logger" "3.840.0"
      "@aws-sdk/middleware-recursion-detection" "3.840.0"
      "@aws-sdk/middleware-user-agent" "3.848.0"
      "@aws-sdk/region-config-resolver" "3.840.0"
      "@aws-sdk/types" "3.840.0"
      "@aws-sdk/util-endpoints" "3.848.0"
      "@aws-sdk/util-user-agent-browser" "3.840.0"
      "@aws-sdk/util-user-agent-node" "3.848.0"
      "@smithy/config-resolver" "^4.1.4"
      "@smithy/core" "^3.7.0"
      "@smithy/fetch-http-handler" "^5.1.0"
      "@smithy/hash-node" "^4.0.4"
      "@smithy/invalid-dependency" "^4.0.4"
      "@smithy/middleware-content-length" "^4.0.4"
      "@smithy/middleware-endpoint" "^4.1.15"
      "@smithy/middleware-retry" "^4.1.16"
      "@smithy/middleware-serde" "^4.0.8"
      "@smithy/middleware-stack" "^4.0.4"
      "@smithy/node-config-provider" "^4.1.3"
      "@smithy/node-http-handler" "^4.1.0"
      "@smithy/protocol-http" "^5.1.2"
      "@smithy/smithy-client" "^4.4.7"
      "@smithy/types" "^4.3.1"
      "@smithy/url-parser" "^4.0.4"
      "@smithy/util-base64" "^4.0.0"
      "@smithy/util-body-length-browser" "^4.0.0"
      "@smithy/util-body-length-node" "^4.0.0"
      "@smithy/util-defaults-mode-browser" "^4.0.23"
      "@smithy/util-defaults-mode-node" "^4.0.23"
      "@smithy/util-endpoints" "^3.0.6"
      "@smithy/util-middleware" "^4.0.4"
      "@smithy/util-retry" "^4.0.6"
      "@smithy/util-utf8" "^4.0.0"
      tslib "^2.6.2"
  
  "@aws-sdk/core@3.846.0":
    version "3.846.0"
    resolved "https://registry.yarnpkg.com/@aws-sdk/core/-/core-3.846.0.tgz#f226d7d4f9b25f31dfda260f7ef1f4de8e4314fa"
    integrity sha512-7CX0pM906r4WSS68fCTNMTtBCSkTtf3Wggssmx13gD40gcWEZXsU00KzPp1bYheNRyPlAq3rE22xt4wLPXbuxA==
    dependencies:
      "@aws-sdk/types" "3.840.0"
      "@aws-sdk/xml-builder" "3.821.0"
      "@smithy/core" "^3.7.0"
      "@smithy/node-config-provider" "^4.1.3"
      "@smithy/property-provider" "^4.0.4"
      "@smithy/protocol-http" "^5.1.2"
      "@smithy/signature-v4" "^5.1.2"
      "@smithy/smithy-client" "^4.4.7"
      "@smithy/types" "^4.3.1"
      "@smithy/util-base64" "^4.0.0"
      "@smithy/util-body-length-browser" "^4.0.0"
      "@smithy/util-middleware" "^4.0.4"
      "@smithy/util-utf8" "^4.0.0"
      fast-xml-parser "5.2.5"
      tslib "^2.6.2"
  
  "@aws-sdk/credential-provider-cognito-identity@3.848.0":
    version "3.848.0"
    resolved "https://registry.yarnpkg.com/@aws-sdk/credential-provider-cognito-identity/-/credential-provider-cognito-identity-3.848.0.tgz#c3d54f75a176aadddd3a6a7f6092987744ca32d1"
    integrity sha512-2cm/Ye6ktagW1h7FmF4sgo8STZyBr2+0+L9lr/veuPKZVWoi/FyhJR3l0TtKrd8z78no9P5xbsGUmxoDLtsxiw==
    dependencies:
      "@aws-sdk/client-cognito-identity" "3.848.0"
      "@aws-sdk/types" "3.840.0"
      "@smithy/property-provider" "^4.0.4"
      "@smithy/types" "^4.3.1"
      tslib "^2.6.2"
  
  "@aws-sdk/credential-provider-env@3.846.0":
    version "3.846.0"
    resolved "https://registry.yarnpkg.com/@aws-sdk/credential-provider-env/-/credential-provider-env-3.846.0.tgz#b47637b123544971f4d1c7300ea77b70143a7141"
    integrity sha512-QuCQZET9enja7AWVISY+mpFrEIeHzvkx/JEEbHYzHhUkxcnC2Kq2c0bB7hDihGD0AZd3Xsm653hk1O97qu69zg==
    dependencies:
      "@aws-sdk/core" "3.846.0"
      "@aws-sdk/types" "3.840.0"
      "@smithy/property-provider" "^4.0.4"
      "@smithy/types" "^4.3.1"
      tslib "^2.6.2"
  
  "@aws-sdk/credential-provider-http@3.846.0":
    version "3.846.0"
    resolved "https://registry.yarnpkg.com/@aws-sdk/credential-provider-http/-/credential-provider-http-3.846.0.tgz#fe8b36493070a3444d76082b5129450598563fe0"
    integrity sha512-Jh1iKUuepdmtreMYozV2ePsPcOF5W9p3U4tWhi3v6nDvz0GsBjzjAROW+BW8XMz9vAD3I9R+8VC3/aq63p5nlw==
    dependencies:
      "@aws-sdk/core" "3.846.0"
      "@aws-sdk/types" "3.840.0"
      "@smithy/fetch-http-handler" "^5.1.0"
      "@smithy/node-http-handler" "^4.1.0"
      "@smithy/property-provider" "^4.0.4"
      "@smithy/protocol-http" "^5.1.2"
      "@smithy/smithy-client" "^4.4.7"
      "@smithy/types" "^4.3.1"
      "@smithy/util-stream" "^4.2.3"
      tslib "^2.6.2"
  
  "@aws-sdk/credential-provider-ini@3.848.0":
    version "3.848.0"
    resolved "https://registry.yarnpkg.com/@aws-sdk/credential-provider-ini/-/credential-provider-ini-3.848.0.tgz#aec6f9158b08b9842d4e9ee7671296a2a237b026"
    integrity sha512-r6KWOG+En2xujuMhgZu7dzOZV3/M5U/5+PXrG8dLQ3rdPRB3vgp5tc56KMqLwm/EXKRzAOSuw/UE4HfNOAB8Hw==
    dependencies:
      "@aws-sdk/core" "3.846.0"
      "@aws-sdk/credential-provider-env" "3.846.0"
      "@aws-sdk/credential-provider-http" "3.846.0"
      "@aws-sdk/credential-provider-process" "3.846.0"
      "@aws-sdk/credential-provider-sso" "3.848.0"
      "@aws-sdk/credential-provider-web-identity" "3.848.0"
      "@aws-sdk/nested-clients" "3.848.0"
      "@aws-sdk/types" "3.840.0"
      "@smithy/credential-provider-imds" "^4.0.6"
      "@smithy/property-provider" "^4.0.4"
      "@smithy/shared-ini-file-loader" "^4.0.4"
      "@smithy/types" "^4.3.1"
      tslib "^2.6.2"
  
  "@aws-sdk/credential-provider-node@3.848.0":
    version "3.848.0"
    resolved "https://registry.yarnpkg.com/@aws-sdk/credential-provider-node/-/credential-provider-node-3.848.0.tgz#aeeccc9cadaae57fd2664298ecacea18648d6b9c"
    integrity sha512-AblNesOqdzrfyASBCo1xW3uweiSro4Kft9/htdxLeCVU1KVOnFWA5P937MNahViRmIQm2sPBCqL8ZG0u9lnh5g==
    dependencies:
      "@aws-sdk/credential-provider-env" "3.846.0"
      "@aws-sdk/credential-provider-http" "3.846.0"
      "@aws-sdk/credential-provider-ini" "3.848.0"
      "@aws-sdk/credential-provider-process" "3.846.0"
      "@aws-sdk/credential-provider-sso" "3.848.0"
      "@aws-sdk/credential-provider-web-identity" "3.848.0"
      "@aws-sdk/types" "3.840.0"
      "@smithy/credential-provider-imds" "^4.0.6"
      "@smithy/property-provider" "^4.0.4"
      "@smithy/shared-ini-file-loader" "^4.0.4"
      "@smithy/types" "^4.3.1"
      tslib "^2.6.2"
  
  "@aws-sdk/credential-provider-process@3.846.0":
    version "3.846.0"
    resolved "https://registry.yarnpkg.com/@aws-sdk/credential-provider-process/-/credential-provider-process-3.846.0.tgz#19d22592594ca554a83148313651d5167c181fc3"
    integrity sha512-mEpwDYarJSH+CIXnnHN0QOe0MXI+HuPStD6gsv3z/7Q6ESl8KRWon3weFZCDnqpiJMUVavlDR0PPlAFg2MQoPg==
    dependencies:
      "@aws-sdk/core" "3.846.0"
      "@aws-sdk/types" "3.840.0"
      "@smithy/property-provider" "^4.0.4"
      "@smithy/shared-ini-file-loader" "^4.0.4"
      "@smithy/types" "^4.3.1"
      tslib "^2.6.2"
  
  "@aws-sdk/credential-provider-sso@3.848.0":
    version "3.848.0"
    resolved "https://registry.yarnpkg.com/@aws-sdk/credential-provider-sso/-/credential-provider-sso-3.848.0.tgz#5921e154cde77f261e00da63431294ddde91d6f9"
    integrity sha512-pozlDXOwJZL0e7w+dqXLgzVDB7oCx4WvtY0sk6l4i07uFliWF/exupb6pIehFWvTUcOvn5aFTTqcQaEzAD5Wsg==
    dependencies:
      "@aws-sdk/client-sso" "3.848.0"
      "@aws-sdk/core" "3.846.0"
      "@aws-sdk/token-providers" "3.848.0"
      "@aws-sdk/types" "3.840.0"
      "@smithy/property-provider" "^4.0.4"
      "@smithy/shared-ini-file-loader" "^4.0.4"
      "@smithy/types" "^4.3.1"
      tslib "^2.6.2"
  
  "@aws-sdk/credential-provider-web-identity@3.848.0":
    version "3.848.0"
    resolved "https://registry.yarnpkg.com/@aws-sdk/credential-provider-web-identity/-/credential-provider-web-identity-3.848.0.tgz#86eaa04daf17ce41b9aab06a3c19a326fcbfaddf"
    integrity sha512-D1fRpwPxtVDhcSc/D71exa2gYweV+ocp4D3brF0PgFd//JR3XahZ9W24rVnTQwYEcK9auiBZB89Ltv+WbWN8qw==
    dependencies:
      "@aws-sdk/core" "3.846.0"
      "@aws-sdk/nested-clients" "3.848.0"
      "@aws-sdk/types" "3.840.0"
      "@smithy/property-provider" "^4.0.4"
      "@smithy/types" "^4.3.1"
      tslib "^2.6.2"
  
  "@aws-sdk/credential-providers@^3.186.0":
    version "3.848.0"
    resolved "https://registry.yarnpkg.com/@aws-sdk/credential-providers/-/credential-providers-3.848.0.tgz#78ab8cb8114136130f2ccb357761c4936117a38a"
    integrity sha512-lRDuU05YC+r/1JmRULngJQli7scP5hmq0/7D+xw1s8eRM0H2auaH7LQFlq/SLxQZLMkVNPCrmsug3b3KcLj1NA==
    dependencies:
      "@aws-sdk/client-cognito-identity" "3.848.0"
      "@aws-sdk/core" "3.846.0"
      "@aws-sdk/credential-provider-cognito-identity" "3.848.0"
      "@aws-sdk/credential-provider-env" "3.846.0"
      "@aws-sdk/credential-provider-http" "3.846.0"
      "@aws-sdk/credential-provider-ini" "3.848.0"
      "@aws-sdk/credential-provider-node" "3.848.0"
      "@aws-sdk/credential-provider-process" "3.846.0"
      "@aws-sdk/credential-provider-sso" "3.848.0"
      "@aws-sdk/credential-provider-web-identity" "3.848.0"
      "@aws-sdk/nested-clients" "3.848.0"
      "@aws-sdk/types" "3.840.0"
      "@smithy/config-resolver" "^4.1.4"
      "@smithy/core" "^3.7.0"
      "@smithy/credential-provider-imds" "^4.0.6"
      "@smithy/node-config-provider" "^4.1.3"
      "@smithy/property-provider" "^4.0.4"
      "@smithy/types" "^4.3.1"
      tslib "^2.6.2"
  
  "@aws-sdk/middleware-host-header@3.840.0":
    version "3.840.0"
    resolved "https://registry.yarnpkg.com/@aws-sdk/middleware-host-header/-/middleware-host-header-3.840.0.tgz#7c8b163fb13d588b87523b53f7d98de73262e83f"
    integrity sha512-ub+hXJAbAje94+Ya6c6eL7sYujoE8D4Bumu1NUI8TXjUhVVn0HzVWQjpRLshdLsUp1AW7XyeJaxyajRaJQ8+Xg==
    dependencies:
      "@aws-sdk/types" "3.840.0"
      "@smithy/protocol-http" "^5.1.2"
      "@smithy/types" "^4.3.1"
      tslib "^2.6.2"
  
  "@aws-sdk/middleware-logger@3.840.0":
    version "3.840.0"
    resolved "https://registry.yarnpkg.com/@aws-sdk/middleware-logger/-/middleware-logger-3.840.0.tgz#d92ade1817ac7dc78a3567c1239bb1a3f3b1b57a"
    integrity sha512-lSV8FvjpdllpGaRspywss4CtXV8M7NNNH+2/j86vMH+YCOZ6fu2T/TyFd/tHwZ92vDfHctWkRbQxg0bagqwovA==
    dependencies:
      "@aws-sdk/types" "3.840.0"
      "@smithy/types" "^4.3.1"
      tslib "^2.6.2"
  
  "@aws-sdk/middleware-recursion-detection@3.840.0":
    version "3.840.0"
    resolved "https://registry.yarnpkg.com/@aws-sdk/middleware-recursion-detection/-/middleware-recursion-detection-3.840.0.tgz#8ea2c00af258db0b64ea394e044cedb6101b5ffd"
    integrity sha512-Gu7lGDyfddyhIkj1Z1JtrY5NHb5+x/CRiB87GjaSrKxkDaydtX2CU977JIABtt69l9wLbcGDIQ+W0uJ5xPof7g==
    dependencies:
      "@aws-sdk/types" "3.840.0"
      "@smithy/protocol-http" "^5.1.2"
      "@smithy/types" "^4.3.1"
      tslib "^2.6.2"
  
  "@aws-sdk/middleware-user-agent@3.848.0":
    version "3.848.0"
    resolved "https://registry.yarnpkg.com/@aws-sdk/middleware-user-agent/-/middleware-user-agent-3.848.0.tgz#d1bba79ba7f026ad7a6df55e47ccd0513f8fdada"
    integrity sha512-rjMuqSWJEf169/ByxvBqfdei1iaduAnfolTshsZxwcmLIUtbYrFUmts0HrLQqsAG8feGPpDLHA272oPl+NTCCA==
    dependencies:
      "@aws-sdk/core" "3.846.0"
      "@aws-sdk/types" "3.840.0"
      "@aws-sdk/util-endpoints" "3.848.0"
      "@smithy/core" "^3.7.0"
      "@smithy/protocol-http" "^5.1.2"
      "@smithy/types" "^4.3.1"
      tslib "^2.6.2"
  
  "@aws-sdk/nested-clients@3.848.0":
    version "3.848.0"
    resolved "https://registry.yarnpkg.com/@aws-sdk/nested-clients/-/nested-clients-3.848.0.tgz#69f8f57fb5df25262b8e60a3334e13dcded0309d"
    integrity sha512-joLsyyo9u61jnZuyYzo1z7kmS7VgWRAkzSGESVzQHfOA1H2PYeUFek6vLT4+c9xMGrX/Z6B0tkRdzfdOPiatLg==
    dependencies:
      "@aws-crypto/sha256-browser" "5.2.0"
      "@aws-crypto/sha256-js" "5.2.0"
      "@aws-sdk/core" "3.846.0"
      "@aws-sdk/middleware-host-header" "3.840.0"
      "@aws-sdk/middleware-logger" "3.840.0"
      "@aws-sdk/middleware-recursion-detection" "3.840.0"
      "@aws-sdk/middleware-user-agent" "3.848.0"
      "@aws-sdk/region-config-resolver" "3.840.0"
      "@aws-sdk/types" "3.840.0"
      "@aws-sdk/util-endpoints" "3.848.0"
      "@aws-sdk/util-user-agent-browser" "3.840.0"
      "@aws-sdk/util-user-agent-node" "3.848.0"
      "@smithy/config-resolver" "^4.1.4"
      "@smithy/core" "^3.7.0"
      "@smithy/fetch-http-handler" "^5.1.0"
      "@smithy/hash-node" "^4.0.4"
      "@smithy/invalid-dependency" "^4.0.4"
      "@smithy/middleware-content-length" "^4.0.4"
      "@smithy/middleware-endpoint" "^4.1.15"
      "@smithy/middleware-retry" "^4.1.16"
      "@smithy/middleware-serde" "^4.0.8"
      "@smithy/middleware-stack" "^4.0.4"
      "@smithy/node-config-provider" "^4.1.3"
      "@smithy/node-http-handler" "^4.1.0"
      "@smithy/protocol-http" "^5.1.2"
      "@smithy/smithy-client" "^4.4.7"
      "@smithy/types" "^4.3.1"
      "@smithy/url-parser" "^4.0.4"
      "@smithy/util-base64" "^4.0.0"
      "@smithy/util-body-length-browser" "^4.0.0"
      "@smithy/util-body-length-node" "^4.0.0"
      "@smithy/util-defaults-mode-browser" "^4.0.23"
      "@smithy/util-defaults-mode-node" "^4.0.23"
      "@smithy/util-endpoints" "^3.0.6"
      "@smithy/util-middleware" "^4.0.4"
      "@smithy/util-retry" "^4.0.6"
      "@smithy/util-utf8" "^4.0.0"
      tslib "^2.6.2"
  
  "@aws-sdk/region-config-resolver@3.840.0":
    version "3.840.0"
    resolved "https://registry.yarnpkg.com/@aws-sdk/region-config-resolver/-/region-config-resolver-3.840.0.tgz#240690ead3131c4c47186b4929776439fe2f6729"
    integrity sha512-Qjnxd/yDv9KpIMWr90ZDPtRj0v75AqGC92Lm9+oHXZ8p1MjG5JE2CW0HL8JRgK9iKzgKBL7pPQRXI8FkvEVfrA==
    dependencies:
      "@aws-sdk/types" "3.840.0"
      "@smithy/node-config-provider" "^4.1.3"
      "@smithy/types" "^4.3.1"
      "@smithy/util-config-provider" "^4.0.0"
      "@smithy/util-middleware" "^4.0.4"
      tslib "^2.6.2"
  
  "@aws-sdk/token-providers@3.848.0":
    version "3.848.0"
    resolved "https://registry.yarnpkg.com/@aws-sdk/token-providers/-/token-providers-3.848.0.tgz#a30431066b2fc2927169e3a958bb610cfb936406"
    integrity sha512-oNPyM4+Di2Umu0JJRFSxDcKQ35+Chl/rAwD47/bS0cDPI8yrao83mLXLeDqpRPHyQW4sXlP763FZcuAibC0+mg==
    dependencies:
      "@aws-sdk/core" "3.846.0"
      "@aws-sdk/nested-clients" "3.848.0"
      "@aws-sdk/types" "3.840.0"
      "@smithy/property-provider" "^4.0.4"
      "@smithy/shared-ini-file-loader" "^4.0.4"
      "@smithy/types" "^4.3.1"
      tslib "^2.6.2"
  
  "@aws-sdk/types@3.840.0", "@aws-sdk/types@^3.222.0":
    version "3.840.0"
    resolved "https://registry.yarnpkg.com/@aws-sdk/types/-/types-3.840.0.tgz#aadc6843d5c1f24b3d1d228059e702a355bf07c3"
    integrity sha512-xliuHaUFZxEx1NSXeLLZ9Dyu6+EJVQKEoD+yM+zqUo3YDZ7medKJWY6fIOKiPX/N7XbLdBYwajb15Q7IL8KkeA==
    dependencies:
      "@smithy/types" "^4.3.1"
      tslib "^2.6.2"
  
  "@aws-sdk/util-endpoints@3.848.0":
    version "3.848.0"
    resolved "https://registry.yarnpkg.com/@aws-sdk/util-endpoints/-/util-endpoints-3.848.0.tgz#dea15ac0949fcbc518426fb4a86d1e9bd53433db"
    integrity sha512-fY/NuFFCq/78liHvRyFKr+aqq1aA/uuVSANjzr5Ym8c+9Z3HRPE9OrExAHoMrZ6zC8tHerQwlsXYYH5XZ7H+ww==
    dependencies:
      "@aws-sdk/types" "3.840.0"
      "@smithy/types" "^4.3.1"
      "@smithy/url-parser" "^4.0.4"
      "@smithy/util-endpoints" "^3.0.6"
      tslib "^2.6.2"
  
  "@aws-sdk/util-locate-window@^3.0.0":
    version "3.804.0"
    resolved "https://registry.yarnpkg.com/@aws-sdk/util-locate-window/-/util-locate-window-3.804.0.tgz#a2ee8dc5d9c98276986e8e1ba03c0c84d9afb0f5"
    integrity sha512-zVoRfpmBVPodYlnMjgVjfGoEZagyRF5IPn3Uo6ZvOZp24chnW/FRstH7ESDHDDRga4z3V+ElUQHKpFDXWyBW5A==
    dependencies:
      tslib "^2.6.2"
  
  "@aws-sdk/util-user-agent-browser@3.840.0":
    version "3.840.0"
    resolved "https://registry.yarnpkg.com/@aws-sdk/util-user-agent-browser/-/util-user-agent-browser-3.840.0.tgz#6c2f55494352a86048c52852b0c357bb21905984"
    integrity sha512-JdyZM3EhhL4PqwFpttZu1afDpPJCCc3eyZOLi+srpX11LsGj6sThf47TYQN75HT1CarZ7cCdQHGzP2uy3/xHfQ==
    dependencies:
      "@aws-sdk/types" "3.840.0"
      "@smithy/types" "^4.3.1"
      bowser "^2.11.0"
      tslib "^2.6.2"
  
  "@aws-sdk/util-user-agent-node@3.848.0":
    version "3.848.0"
    resolved "https://registry.yarnpkg.com/@aws-sdk/util-user-agent-node/-/util-user-agent-node-3.848.0.tgz#992acf856aa8edd9d26b906c7c92fbdcd72f8bb1"
    integrity sha512-Zz1ft9NiLqbzNj/M0jVNxaoxI2F4tGXN0ZbZIj+KJ+PbJo+w5+Jo6d0UDAtbj3AEd79pjcCaP4OA9NTVzItUdw==
    dependencies:
      "@aws-sdk/middleware-user-agent" "3.848.0"
      "@aws-sdk/types" "3.840.0"
      "@smithy/node-config-provider" "^4.1.3"
      "@smithy/types" "^4.3.1"
      tslib "^2.6.2"
  
  "@aws-sdk/xml-builder@3.821.0":
    version "3.821.0"
    resolved "https://registry.yarnpkg.com/@aws-sdk/xml-builder/-/xml-builder-3.821.0.tgz#ff89bf1276fca41276ed508b9c8ae21978d91177"
    integrity sha512-DIIotRnefVL6DiaHtO6/21DhJ4JZnnIwdNbpwiAhdt/AVbttcE4yw925gsjur0OGv5BTYXQXU3YnANBYnZjuQA==
    dependencies:
      "@smithy/types" "^4.3.1"
      tslib "^2.6.2"
  
  "@babel/runtime@^7.21.0":
    version "7.27.6"
    resolved "https://registry.yarnpkg.com/@babel/runtime/-/runtime-7.27.6.tgz#ec4070a04d76bae8ddbb10770ba55714a417b7c6"
    integrity sha512-vbavdySgbTTrmFE+EsiqUTzlOr5bzlnJtUv9PynGCAKvfQqjIXbvFdumPM/GxMDfyuGMJaJAU6TO4zc1Jf1i8Q==
  
  "@mongodb-js/saslprep@^1.1.0":
    version "1.3.0"
    resolved "https://registry.yarnpkg.com/@mongodb-js/saslprep/-/saslprep-1.3.0.tgz#75bb770b4b0908047b6c6ac2ec841047660e1c82"
    integrity sha512-zlayKCsIjYb7/IdfqxorK5+xUMyi4vOKcFy10wKJYc63NSdKI8mNME+uJqfatkPmOSMMUiojrL58IePKBm3gvQ==
    dependencies:
      sparse-bitfield "^3.0.3"
  
  "@pm2/agent@~2.0.0":
    version "2.0.4"
    resolved "https://registry.yarnpkg.com/@pm2/agent/-/agent-2.0.4.tgz#a6699a6c57741492129776eb5a7abc15e50672cb"
    integrity sha512-n7WYvvTJhHLS2oBb1PjOtgLpMhgImOq8sXkPBw6smeg9LJBWZjiEgPKOpR8mn9UJZsB5P3W4V/MyvNnp31LKeA==
    dependencies:
      async "~3.2.0"
      chalk "~3.0.0"
      dayjs "~1.8.24"
      debug "~4.3.1"
      eventemitter2 "~5.0.1"
      fast-json-patch "^3.0.0-1"
      fclone "~1.0.11"
      nssocket "0.6.0"
      pm2-axon "~4.0.1"
      pm2-axon-rpc "~0.7.0"
      proxy-agent "~6.3.0"
      semver "~7.5.0"
      ws "~7.5.10"
  
  "@pm2/io@~6.0.1":
    version "6.0.1"
    resolved "https://registry.yarnpkg.com/@pm2/io/-/io-6.0.1.tgz#300fefa485317f26e3bc348da061ca395a52149a"
    integrity sha512-KiA+shC6sULQAr9mGZ1pg+6KVW9MF8NpG99x26Lf/082/Qy8qsTCtnJy+HQReW1A9Rdf0C/404cz0RZGZro+IA==
    dependencies:
      async "~2.6.1"
      debug "~4.3.1"
      eventemitter2 "^6.3.1"
      require-in-the-middle "^5.0.0"
      semver "~7.5.4"
      shimmer "^1.2.0"
      signal-exit "^3.0.3"
      tslib "1.9.3"
  
  "@pm2/js-api@~0.8.0":
    version "0.8.0"
    resolved "https://registry.yarnpkg.com/@pm2/js-api/-/js-api-0.8.0.tgz#d1b8aff562dd34befa3cb30fe28e08c9f9743abc"
    integrity sha512-nmWzrA/BQZik3VBz+npRcNIu01kdBhWL0mxKmP1ciF/gTcujPTQqt027N9fc1pK9ERM8RipFhymw7RcmCyOEYA==
    dependencies:
      async "^2.6.3"
      debug "~4.3.1"
      eventemitter2 "^6.3.1"
      extrareqp2 "^1.0.0"
      ws "^7.0.0"
  
  "@pm2/pm2-version-check@latest":
    version "1.0.4"
    resolved "https://registry.yarnpkg.com/@pm2/pm2-version-check/-/pm2-version-check-1.0.4.tgz#cf97fbb14b0eca95430ca05eedccbd2683806e43"
    integrity sha512-SXsM27SGH3yTWKc2fKR4SYNxsmnvuBQ9dd6QHtEWmiZ/VqaOYPAIlS8+vMcn27YLtAEBGvNRSh3TPNvtjZgfqA==
    dependencies:
      debug "^4.3.1"
  
  "@smithy/abort-controller@^4.0.4":
    version "4.0.4"
    resolved "https://registry.yarnpkg.com/@smithy/abort-controller/-/abort-controller-4.0.4.tgz#ab991d521fc78b5c7f24907fcd6803c0f2da51d9"
    integrity sha512-gJnEjZMvigPDQWHrW3oPrFhQtkrgqBkyjj3pCIdF3A5M6vsZODG93KNlfJprv6bp4245bdT32fsHK4kkH3KYDA==
    dependencies:
      "@smithy/types" "^4.3.1"
      tslib "^2.6.2"
  
  "@smithy/config-resolver@^4.1.4":
    version "4.1.4"
    resolved "https://registry.yarnpkg.com/@smithy/config-resolver/-/config-resolver-4.1.4.tgz#05d8eab8bb8eb73bec90c222fc19ac5608b1384e"
    integrity sha512-prmU+rDddxHOH0oNcwemL+SwnzcG65sBF2yXRO7aeXIn/xTlq2pX7JLVbkBnVLowHLg4/OL4+jBmv9hVrVGS+w==
    dependencies:
      "@smithy/node-config-provider" "^4.1.3"
      "@smithy/types" "^4.3.1"
      "@smithy/util-config-provider" "^4.0.0"
      "@smithy/util-middleware" "^4.0.4"
      tslib "^2.6.2"
  
  "@smithy/core@^3.7.0", "@smithy/core@^3.7.2":
    version "3.7.2"
    resolved "https://registry.yarnpkg.com/@smithy/core/-/core-3.7.2.tgz#ae21591dbb983df7d986cc984123cf43f64e3a5a"
    integrity sha512-JoLw59sT5Bm8SAjFCYZyuCGxK8y3vovmoVbZWLDPTH5XpPEIwpFd9m90jjVMwoypDuB/SdVgje5Y4T7w50lJaw==
    dependencies:
      "@smithy/middleware-serde" "^4.0.8"
      "@smithy/protocol-http" "^5.1.2"
      "@smithy/types" "^4.3.1"
      "@smithy/util-base64" "^4.0.0"
      "@smithy/util-body-length-browser" "^4.0.0"
      "@smithy/util-middleware" "^4.0.4"
      "@smithy/util-stream" "^4.2.3"
      "@smithy/util-utf8" "^4.0.0"
      tslib "^2.6.2"
  
  "@smithy/credential-provider-imds@^4.0.6":
    version "4.0.6"
    resolved "https://registry.yarnpkg.com/@smithy/credential-provider-imds/-/credential-provider-imds-4.0.6.tgz#4cfd79a619cdbc9a75fcdc51a1193685f6a8944e"
    integrity sha512-hKMWcANhUiNbCJouYkZ9V3+/Qf9pteR1dnwgdyzR09R4ODEYx8BbUysHwRSyex4rZ9zapddZhLFTnT4ZijR4pw==
    dependencies:
      "@smithy/node-config-provider" "^4.1.3"
      "@smithy/property-provider" "^4.0.4"
      "@smithy/types" "^4.3.1"
      "@smithy/url-parser" "^4.0.4"
      tslib "^2.6.2"
  
  "@smithy/fetch-http-handler@^5.1.0":
    version "5.1.0"
    resolved "https://registry.yarnpkg.com/@smithy/fetch-http-handler/-/fetch-http-handler-5.1.0.tgz#387abd9ec6c8ff0af33b268c0f6ccb289c1b1563"
    integrity sha512-mADw7MS0bYe2OGKkHYMaqarOXuDwRbO6ArD91XhHcl2ynjGCFF+hvqf0LyQcYxkA1zaWjefSkU7Ne9mqgApSgQ==
    dependencies:
      "@smithy/protocol-http" "^5.1.2"
      "@smithy/querystring-builder" "^4.0.4"
      "@smithy/types" "^4.3.1"
      "@smithy/util-base64" "^4.0.0"
      tslib "^2.6.2"
  
  "@smithy/hash-node@^4.0.4":
    version "4.0.4"
    resolved "https://registry.yarnpkg.com/@smithy/hash-node/-/hash-node-4.0.4.tgz#f867cfe6b702ed8893aacd3e097f8ca8ecba579e"
    integrity sha512-qnbTPUhCVnCgBp4z4BUJUhOEkVwxiEi1cyFM+Zj6o+aY8OFGxUQleKWq8ltgp3dujuhXojIvJWdoqpm6dVO3lQ==
    dependencies:
      "@smithy/types" "^4.3.1"
      "@smithy/util-buffer-from" "^4.0.0"
      "@smithy/util-utf8" "^4.0.0"
      tslib "^2.6.2"
  
  "@smithy/invalid-dependency@^4.0.4":
    version "4.0.4"
    resolved "https://registry.yarnpkg.com/@smithy/invalid-dependency/-/invalid-dependency-4.0.4.tgz#8c2c539b2f22e857b4652bd2427a3d7a8befd610"
    integrity sha512-bNYMi7WKTJHu0gn26wg8OscncTt1t2b8KcsZxvOv56XA6cyXtOAAAaNP7+m45xfppXfOatXF3Sb1MNsLUgVLTw==
    dependencies:
      "@smithy/types" "^4.3.1"
      tslib "^2.6.2"
  
  "@smithy/is-array-buffer@^2.2.0":
    version "2.2.0"
    resolved "https://registry.yarnpkg.com/@smithy/is-array-buffer/-/is-array-buffer-2.2.0.tgz#f84f0d9f9a36601a9ca9381688bd1b726fd39111"
    integrity sha512-GGP3O9QFD24uGeAXYUjwSTXARoqpZykHadOmA8G5vfJPK0/DC67qa//0qvqrJzL1xc8WQWX7/yc7fwudjPHPhA==
    dependencies:
      tslib "^2.6.2"
  
  "@smithy/is-array-buffer@^4.0.0":
    version "4.0.0"
    resolved "https://registry.yarnpkg.com/@smithy/is-array-buffer/-/is-array-buffer-4.0.0.tgz#55a939029321fec462bcc574890075cd63e94206"
    integrity sha512-saYhF8ZZNoJDTvJBEWgeBccCg+yvp1CX+ed12yORU3NilJScfc6gfch2oVb4QgxZrGUx3/ZJlb+c/dJbyupxlw==
    dependencies:
      tslib "^2.6.2"
  
  "@smithy/middleware-content-length@^4.0.4":
    version "4.0.4"
    resolved "https://registry.yarnpkg.com/@smithy/middleware-content-length/-/middleware-content-length-4.0.4.tgz#fad1f125779daf8d5f261dae6dbebba0f60c234b"
    integrity sha512-F7gDyfI2BB1Kc+4M6rpuOLne5LOcEknH1n6UQB69qv+HucXBR1rkzXBnQTB2q46sFy1PM/zuSJOB532yc8bg3w==
    dependencies:
      "@smithy/protocol-http" "^5.1.2"
      "@smithy/types" "^4.3.1"
      tslib "^2.6.2"
  
  "@smithy/middleware-endpoint@^4.1.15", "@smithy/middleware-endpoint@^4.1.17":
    version "4.1.17"
    resolved "https://registry.yarnpkg.com/@smithy/middleware-endpoint/-/middleware-endpoint-4.1.17.tgz#d6a87ccf5fe6a6edc5fe01832338854feaf18a12"
    integrity sha512-S3hSGLKmHG1m35p/MObQCBCdRsrpbPU8B129BVzRqRfDvQqPMQ14iO4LyRw+7LNizYc605COYAcjqgawqi+6jA==
    dependencies:
      "@smithy/core" "^3.7.2"
      "@smithy/middleware-serde" "^4.0.8"
      "@smithy/node-config-provider" "^4.1.3"
      "@smithy/shared-ini-file-loader" "^4.0.4"
      "@smithy/types" "^4.3.1"
      "@smithy/url-parser" "^4.0.4"
      "@smithy/util-middleware" "^4.0.4"
      tslib "^2.6.2"
  
  "@smithy/middleware-retry@^4.1.16":
    version "4.1.18"
    resolved "https://registry.yarnpkg.com/@smithy/middleware-retry/-/middleware-retry-4.1.18.tgz#4d57587722c341822cf8c58790f843008fef0f8e"
    integrity sha512-bYLZ4DkoxSsPxpdmeapvAKy7rM5+25gR7PGxq2iMiecmbrRGBHj9s75N74Ylg+aBiw9i5jIowC/cLU2NR0qH8w==
    dependencies:
      "@smithy/node-config-provider" "^4.1.3"
      "@smithy/protocol-http" "^5.1.2"
      "@smithy/service-error-classification" "^4.0.6"
      "@smithy/smithy-client" "^4.4.9"
      "@smithy/types" "^4.3.1"
      "@smithy/util-middleware" "^4.0.4"
      "@smithy/util-retry" "^4.0.6"
      tslib "^2.6.2"
      uuid "^9.0.1"
  
  "@smithy/middleware-serde@^4.0.8":
    version "4.0.8"
    resolved "https://registry.yarnpkg.com/@smithy/middleware-serde/-/middleware-serde-4.0.8.tgz#3704c8cc46acd0a7f910a78ee1d2f23ce928701f"
    integrity sha512-iSSl7HJoJaGyMIoNn2B7czghOVwJ9nD7TMvLhMWeSB5vt0TnEYyRRqPJu/TqW76WScaNvYYB8nRoiBHR9S1Ddw==
    dependencies:
      "@smithy/protocol-http" "^5.1.2"
      "@smithy/types" "^4.3.1"
      tslib "^2.6.2"
  
  "@smithy/middleware-stack@^4.0.4":
    version "4.0.4"
    resolved "https://registry.yarnpkg.com/@smithy/middleware-stack/-/middleware-stack-4.0.4.tgz#58e0c6a0d7678c6ad4d6af8dd9a00f749ffac7c5"
    integrity sha512-kagK5ggDrBUCCzI93ft6DjteNSfY8Ulr83UtySog/h09lTIOAJ/xUSObutanlPT0nhoHAkpmW9V5K8oPyLh+QA==
    dependencies:
      "@smithy/types" "^4.3.1"
      tslib "^2.6.2"
  
  "@smithy/node-config-provider@^4.1.3":
    version "4.1.3"
    resolved "https://registry.yarnpkg.com/@smithy/node-config-provider/-/node-config-provider-4.1.3.tgz#6626fe26c6fe7b0df34f71cb72764ccba414a815"
    integrity sha512-HGHQr2s59qaU1lrVH6MbLlmOBxadtzTsoO4c+bF5asdgVik3I8o7JIOzoeqWc5MjVa+vD36/LWE0iXKpNqooRw==
    dependencies:
      "@smithy/property-provider" "^4.0.4"
      "@smithy/shared-ini-file-loader" "^4.0.4"
      "@smithy/types" "^4.3.1"
      tslib "^2.6.2"
  
  "@smithy/node-http-handler@^4.1.0":
    version "4.1.0"
    resolved "https://registry.yarnpkg.com/@smithy/node-http-handler/-/node-http-handler-4.1.0.tgz#6b528cd0da0c35755b34afba207b7db972b0eb92"
    integrity sha512-vqfSiHz2v8b3TTTrdXi03vNz1KLYYS3bhHCDv36FYDqxT7jvTll1mMnCrkD+gOvgwybuunh/2VmvOMqwBegxEg==
    dependencies:
      "@smithy/abort-controller" "^4.0.4"
      "@smithy/protocol-http" "^5.1.2"
      "@smithy/querystring-builder" "^4.0.4"
      "@smithy/types" "^4.3.1"
      tslib "^2.6.2"
  
  "@smithy/property-provider@^4.0.4":
    version "4.0.4"
    resolved "https://registry.yarnpkg.com/@smithy/property-provider/-/property-provider-4.0.4.tgz#303a8fd99665fff61eeb6ec3922eee53838962c5"
    integrity sha512-qHJ2sSgu4FqF4U/5UUp4DhXNmdTrgmoAai6oQiM+c5RZ/sbDwJ12qxB1M6FnP+Tn/ggkPZf9ccn4jqKSINaquw==
    dependencies:
      "@smithy/types" "^4.3.1"
      tslib "^2.6.2"
  
  "@smithy/protocol-http@^5.1.2":
    version "5.1.2"
    resolved "https://registry.yarnpkg.com/@smithy/protocol-http/-/protocol-http-5.1.2.tgz#8094860c2407f250b80c95899e0385112d6eb98b"
    integrity sha512-rOG5cNLBXovxIrICSBm95dLqzfvxjEmuZx4KK3hWwPFHGdW3lxY0fZNXfv2zebfRO7sJZ5pKJYHScsqopeIWtQ==
    dependencies:
      "@smithy/types" "^4.3.1"
      tslib "^2.6.2"
  
  "@smithy/querystring-builder@^4.0.4":
    version "4.0.4"
    resolved "https://registry.yarnpkg.com/@smithy/querystring-builder/-/querystring-builder-4.0.4.tgz#f7546efd59d457b3d2525a330c6137e5f907864c"
    integrity sha512-SwREZcDnEYoh9tLNgMbpop+UTGq44Hl9tdj3rf+yeLcfH7+J8OXEBaMc2kDxtyRHu8BhSg9ADEx0gFHvpJgU8w==
    dependencies:
      "@smithy/types" "^4.3.1"
      "@smithy/util-uri-escape" "^4.0.0"
      tslib "^2.6.2"
  
  "@smithy/querystring-parser@^4.0.4":
    version "4.0.4"
    resolved "https://registry.yarnpkg.com/@smithy/querystring-parser/-/querystring-parser-4.0.4.tgz#307ab95ee5f1a142ab46c2eddebeae68cb2f703d"
    integrity sha512-6yZf53i/qB8gRHH/l2ZwUG5xgkPgQF15/KxH0DdXMDHjesA9MeZje/853ifkSY0x4m5S+dfDZ+c4x439PF0M2w==
    dependencies:
      "@smithy/types" "^4.3.1"
      tslib "^2.6.2"
  
  "@smithy/service-error-classification@^4.0.6":
    version "4.0.6"
    resolved "https://registry.yarnpkg.com/@smithy/service-error-classification/-/service-error-classification-4.0.6.tgz#5d4d3017f5b62258fbfc1067e14198e125a8286c"
    integrity sha512-RRoTDL//7xi4tn5FrN2NzH17jbgmnKidUqd4KvquT0954/i6CXXkh1884jBiunq24g9cGtPBEXlU40W6EpNOOg==
    dependencies:
      "@smithy/types" "^4.3.1"
  
  "@smithy/shared-ini-file-loader@^4.0.4":
    version "4.0.4"
    resolved "https://registry.yarnpkg.com/@smithy/shared-ini-file-loader/-/shared-ini-file-loader-4.0.4.tgz#33c63468b95cfd5e7d642c8131d7acc034025e00"
    integrity sha512-63X0260LoFBjrHifPDs+nM9tV0VMkOTl4JRMYNuKh/f5PauSjowTfvF3LogfkWdcPoxsA9UjqEOgjeYIbhb7Nw==
    dependencies:
      "@smithy/types" "^4.3.1"
      tslib "^2.6.2"
  
  "@smithy/signature-v4@^5.1.2":
    version "5.1.2"
    resolved "https://registry.yarnpkg.com/@smithy/signature-v4/-/signature-v4-5.1.2.tgz#5afd9d428bd26bb660bee8075b6e89fe93600c22"
    integrity sha512-d3+U/VpX7a60seHziWnVZOHuEgJlclufjkS6zhXvxcJgkJq4UWdH5eOBLzHRMx6gXjsdT9h6lfpmLzbrdupHgQ==
    dependencies:
      "@smithy/is-array-buffer" "^4.0.0"
      "@smithy/protocol-http" "^5.1.2"
      "@smithy/types" "^4.3.1"
      "@smithy/util-hex-encoding" "^4.0.0"
      "@smithy/util-middleware" "^4.0.4"
      "@smithy/util-uri-escape" "^4.0.0"
      "@smithy/util-utf8" "^4.0.0"
      tslib "^2.6.2"
  
  "@smithy/smithy-client@^4.4.7", "@smithy/smithy-client@^4.4.9":
    version "4.4.9"
    resolved "https://registry.yarnpkg.com/@smithy/smithy-client/-/smithy-client-4.4.9.tgz#973875a750908266aaf5f73c0714016b7e883609"
    integrity sha512-mbMg8mIUAWwMmb74LoYiArP04zWElPzDoA1jVOp3or0cjlDMgoS6WTC3QXK0Vxoc9I4zdrX0tq6qsOmaIoTWEQ==
    dependencies:
      "@smithy/core" "^3.7.2"
      "@smithy/middleware-endpoint" "^4.1.17"
      "@smithy/middleware-stack" "^4.0.4"
      "@smithy/protocol-http" "^5.1.2"
      "@smithy/types" "^4.3.1"
      "@smithy/util-stream" "^4.2.3"
      tslib "^2.6.2"
  
  "@smithy/types@^4.3.1":
    version "4.3.1"
    resolved "https://registry.yarnpkg.com/@smithy/types/-/types-4.3.1.tgz#c11276ea16235d798f47a68aef9f44d3dbb70dd4"
    integrity sha512-UqKOQBL2x6+HWl3P+3QqFD4ncKq0I8Nuz9QItGv5WuKuMHuuwlhvqcZCoXGfc+P1QmfJE7VieykoYYmrOoFJxA==
    dependencies:
      tslib "^2.6.2"
  
  "@smithy/url-parser@^4.0.4":
    version "4.0.4"
    resolved "https://registry.yarnpkg.com/@smithy/url-parser/-/url-parser-4.0.4.tgz#049143f4c156356e177bd69242675db26fe4f4db"
    integrity sha512-eMkc144MuN7B0TDA4U2fKs+BqczVbk3W+qIvcoCY6D1JY3hnAdCuhCZODC+GAeaxj0p6Jroz4+XMUn3PCxQQeQ==
    dependencies:
      "@smithy/querystring-parser" "^4.0.4"
      "@smithy/types" "^4.3.1"
      tslib "^2.6.2"
  
  "@smithy/util-base64@^4.0.0":
    version "4.0.0"
    resolved "https://registry.yarnpkg.com/@smithy/util-base64/-/util-base64-4.0.0.tgz#8345f1b837e5f636e5f8470c4d1706ae0c6d0358"
    integrity sha512-CvHfCmO2mchox9kjrtzoHkWHxjHZzaFojLc8quxXY7WAAMAg43nuxwv95tATVgQFNDwd4M9S1qFzj40Ul41Kmg==
    dependencies:
      "@smithy/util-buffer-from" "^4.0.0"
      "@smithy/util-utf8" "^4.0.0"
      tslib "^2.6.2"
  
  "@smithy/util-body-length-browser@^4.0.0":
    version "4.0.0"
    resolved "https://registry.yarnpkg.com/@smithy/util-body-length-browser/-/util-body-length-browser-4.0.0.tgz#965d19109a4b1e5fe7a43f813522cce718036ded"
    integrity sha512-sNi3DL0/k64/LO3A256M+m3CDdG6V7WKWHdAiBBMUN8S3hK3aMPhwnPik2A/a2ONN+9doY9UxaLfgqsIRg69QA==
    dependencies:
      tslib "^2.6.2"
  
  "@smithy/util-body-length-node@^4.0.0":
    version "4.0.0"
    resolved "https://registry.yarnpkg.com/@smithy/util-body-length-node/-/util-body-length-node-4.0.0.tgz#3db245f6844a9b1e218e30c93305bfe2ffa473b3"
    integrity sha512-q0iDP3VsZzqJyje8xJWEJCNIu3lktUGVoSy1KB0UWym2CL1siV3artm+u1DFYTLejpsrdGyCSWBdGNjJzfDPjg==
    dependencies:
      tslib "^2.6.2"
  
  "@smithy/util-buffer-from@^2.2.0":
    version "2.2.0"
    resolved "https://registry.yarnpkg.com/@smithy/util-buffer-from/-/util-buffer-from-2.2.0.tgz#6fc88585165ec73f8681d426d96de5d402021e4b"
    integrity sha512-IJdWBbTcMQ6DA0gdNhh/BwrLkDR+ADW5Kr1aZmd4k3DIF6ezMV4R2NIAmT08wQJ3yUK82thHWmC/TnK/wpMMIA==
    dependencies:
      "@smithy/is-array-buffer" "^2.2.0"
      tslib "^2.6.2"
  
  "@smithy/util-buffer-from@^4.0.0":
    version "4.0.0"
    resolved "https://registry.yarnpkg.com/@smithy/util-buffer-from/-/util-buffer-from-4.0.0.tgz#b23b7deb4f3923e84ef50c8b2c5863d0dbf6c0b9"
    integrity sha512-9TOQ7781sZvddgO8nxueKi3+yGvkY35kotA0Y6BWRajAv8jjmigQ1sBwz0UX47pQMYXJPahSKEKYFgt+rXdcug==
    dependencies:
      "@smithy/is-array-buffer" "^4.0.0"
      tslib "^2.6.2"
  
  "@smithy/util-config-provider@^4.0.0":
    version "4.0.0"
    resolved "https://registry.yarnpkg.com/@smithy/util-config-provider/-/util-config-provider-4.0.0.tgz#e0c7c8124c7fba0b696f78f0bd0ccb060997d45e"
    integrity sha512-L1RBVzLyfE8OXH+1hsJ8p+acNUSirQnWQ6/EgpchV88G6zGBTDPdXiiExei6Z1wR2RxYvxY/XLw6AMNCCt8H3w==
    dependencies:
      tslib "^2.6.2"
  
  "@smithy/util-defaults-mode-browser@^4.0.23":
    version "4.0.25"
    resolved "https://registry.yarnpkg.com/@smithy/util-defaults-mode-browser/-/util-defaults-mode-browser-4.0.25.tgz#781411de904f616c15900ab0a88b37bd8002c5c5"
    integrity sha512-pxEWsxIsOPLfKNXvpgFHBGFC3pKYKUFhrud1kyooO9CJai6aaKDHfT10Mi5iiipPXN/JhKAu3qX9o75+X85OdQ==
    dependencies:
      "@smithy/property-provider" "^4.0.4"
      "@smithy/smithy-client" "^4.4.9"
      "@smithy/types" "^4.3.1"
      bowser "^2.11.0"
      tslib "^2.6.2"
  
  "@smithy/util-defaults-mode-node@^4.0.23":
    version "4.0.25"
    resolved "https://registry.yarnpkg.com/@smithy/util-defaults-mode-node/-/util-defaults-mode-node-4.0.25.tgz#8e307a15a73c56af44674aaa74cd089b3b42b019"
    integrity sha512-+w4n4hKFayeCyELZLfsSQG5mCC3TwSkmRHv4+el5CzFU8ToQpYGhpV7mrRzqlwKkntlPilT1HJy1TVeEvEjWOQ==
    dependencies:
      "@smithy/config-resolver" "^4.1.4"
      "@smithy/credential-provider-imds" "^4.0.6"
      "@smithy/node-config-provider" "^4.1.3"
      "@smithy/property-provider" "^4.0.4"
      "@smithy/smithy-client" "^4.4.9"
      "@smithy/types" "^4.3.1"
      tslib "^2.6.2"
  
  "@smithy/util-endpoints@^3.0.6":
    version "3.0.6"
    resolved "https://registry.yarnpkg.com/@smithy/util-endpoints/-/util-endpoints-3.0.6.tgz#a24b0801a1b94c0de26ad83da206b9add68117f2"
    integrity sha512-YARl3tFL3WgPuLzljRUnrS2ngLiUtkwhQtj8PAL13XZSyUiNLQxwG3fBBq3QXFqGFUXepIN73pINp3y8c2nBmA==
    dependencies:
      "@smithy/node-config-provider" "^4.1.3"
      "@smithy/types" "^4.3.1"
      tslib "^2.6.2"
  
  "@smithy/util-hex-encoding@^4.0.0":
    version "4.0.0"
    resolved "https://registry.yarnpkg.com/@smithy/util-hex-encoding/-/util-hex-encoding-4.0.0.tgz#dd449a6452cffb37c5b1807ec2525bb4be551e8d"
    integrity sha512-Yk5mLhHtfIgW2W2WQZWSg5kuMZCVbvhFmC7rV4IO2QqnZdbEFPmQnCcGMAX2z/8Qj3B9hYYNjZOhWym+RwhePw==
    dependencies:
      tslib "^2.6.2"
  
  "@smithy/util-middleware@^4.0.4":
    version "4.0.4"
    resolved "https://registry.yarnpkg.com/@smithy/util-middleware/-/util-middleware-4.0.4.tgz#8f639de049082c687841ea5e69c6c36e12e31a3c"
    integrity sha512-9MLKmkBmf4PRb0ONJikCbCwORACcil6gUWojwARCClT7RmLzF04hUR4WdRprIXal7XVyrddadYNfp2eF3nrvtQ==
    dependencies:
      "@smithy/types" "^4.3.1"
      tslib "^2.6.2"
  
  "@smithy/util-retry@^4.0.6":
    version "4.0.6"
    resolved "https://registry.yarnpkg.com/@smithy/util-retry/-/util-retry-4.0.6.tgz#f931fdd1f01786b21a82711e185c58410e8e41c7"
    integrity sha512-+YekoF2CaSMv6zKrA6iI/N9yva3Gzn4L6n35Luydweu5MMPYpiGZlWqehPHDHyNbnyaYlz/WJyYAZnC+loBDZg==
    dependencies:
      "@smithy/service-error-classification" "^4.0.6"
      "@smithy/types" "^4.3.1"
      tslib "^2.6.2"
  
  "@smithy/util-stream@^4.2.3":
    version "4.2.3"
    resolved "https://registry.yarnpkg.com/@smithy/util-stream/-/util-stream-4.2.3.tgz#7980fb94dbee96301b0b2610de8ae1700c7daab1"
    integrity sha512-cQn412DWHHFNKrQfbHY8vSFI3nTROY1aIKji9N0tpp8gUABRilr7wdf8fqBbSlXresobM+tQFNk6I+0LXK/YZg==
    dependencies:
      "@smithy/fetch-http-handler" "^5.1.0"
      "@smithy/node-http-handler" "^4.1.0"
      "@smithy/types" "^4.3.1"
      "@smithy/util-base64" "^4.0.0"
      "@smithy/util-buffer-from" "^4.0.0"
      "@smithy/util-hex-encoding" "^4.0.0"
      "@smithy/util-utf8" "^4.0.0"
      tslib "^2.6.2"
  
  "@smithy/util-uri-escape@^4.0.0":
    version "4.0.0"
    resolved "https://registry.yarnpkg.com/@smithy/util-uri-escape/-/util-uri-escape-4.0.0.tgz#a96c160c76f3552458a44d8081fade519d214737"
    integrity sha512-77yfbCbQMtgtTylO9itEAdpPXSog3ZxMe09AEhm0dU0NLTalV70ghDZFR+Nfi1C60jnJoh/Re4090/DuZh2Omg==
    dependencies:
      tslib "^2.6.2"
  
  "@smithy/util-utf8@^2.0.0":
    version "2.3.0"
    resolved "https://registry.yarnpkg.com/@smithy/util-utf8/-/util-utf8-2.3.0.tgz#dd96d7640363259924a214313c3cf16e7dd329c5"
    integrity sha512-R8Rdn8Hy72KKcebgLiv8jQcQkXoLMOGGv5uI1/k0l+snqkOzQ1R0ChUBCxWMlBsFMekWjq0wRudIweFs7sKT5A==
    dependencies:
      "@smithy/util-buffer-from" "^2.2.0"
      tslib "^2.6.2"
  
  "@smithy/util-utf8@^4.0.0":
    version "4.0.0"
    resolved "https://registry.yarnpkg.com/@smithy/util-utf8/-/util-utf8-4.0.0.tgz#09ca2d9965e5849e72e347c130f2a29d5c0c863c"
    integrity sha512-b+zebfKCfRdgNJDknHCob3O7FpeYQN6ZG6YLExMcasDHsCXlsXCEuiPZeLnJLpwa5dvPetGlnGCiMHuLwGvFow==
    dependencies:
      "@smithy/util-buffer-from" "^4.0.0"
      tslib "^2.6.2"
  
  "@socket.io/component-emitter@~3.1.0":
    version "3.1.2"
    resolved "https://registry.yarnpkg.com/@socket.io/component-emitter/-/component-emitter-3.1.2.tgz#821f8442f4175d8f0467b9daf26e3a18e2d02af2"
    integrity sha512-9BCxFwvbGg/RsZK9tjXd8s4UcwR0MWeFQ1XEKIQVVvAGJyINdrqKMcTRyLoK8Rse1GjzLV9cwjWV1olXRWEXVA==
  
  "@tootallnate/quickjs-emscripten@^0.23.0":
    version "0.23.0"
    resolved "https://registry.yarnpkg.com/@tootallnate/quickjs-emscripten/-/quickjs-emscripten-0.23.0.tgz#db4ecfd499a9765ab24002c3b696d02e6d32a12c"
    integrity sha512-C5Mc6rdnsaJDjO3UpGW/CQTHtCKaYlScZTly4JIu97Jxo/odCiH0ITnDXSJPTOrEKk/ycSZ0AOgTmkDtkOsvIA==
  
  "@types/cors@^2.8.12":
    version "2.8.19"
    resolved "https://registry.yarnpkg.com/@types/cors/-/cors-2.8.19.tgz#d93ea2673fd8c9f697367f5eeefc2bbfa94f0342"
    integrity sha512-mFNylyeyqN93lfe/9CSxOGREz8cpzAhH+E93xJ4xWQf62V8sQ/24reV2nyzUWM6H6Xji+GGHpkbLe7pVoUEskg==
    dependencies:
      "@types/node" "*"
  
  "@types/node@*":
    version "24.1.0"
    resolved "https://registry.yarnpkg.com/@types/node/-/node-24.1.0.tgz#0993f7dc31ab5cc402d112315b463e383d68a49c"
    integrity sha512-ut5FthK5moxFKH2T1CUOC6ctR67rQRvvHdFLCD2Ql6KXmMuCrjsSsRI9UsLCm9M18BMwClv4pn327UvB7eeO1w==
    dependencies:
      undici-types "~7.8.0"
  
  "@types/node@>=10.0.0":
    version "24.3.0"
    resolved "https://registry.yarnpkg.com/@types/node/-/node-24.3.0.tgz#89b09f45cb9a8ee69466f18ee5864e4c3eb84dec"
    integrity sha512-aPTXCrfwnDLj4VvXrm+UUCQjNEvJgNA8s5F1cvwQU+3KNltTOkBm1j30uNLyqqPNe7gE3KFzImYoZEfLhp4Yow==
    dependencies:
      undici-types "~7.10.0"
  
  "@types/webidl-conversions@*":
    version "7.0.3"
    resolved "https://registry.yarnpkg.com/@types/webidl-conversions/-/webidl-conversions-7.0.3.tgz#1306dbfa53768bcbcfc95a1c8cde367975581859"
    integrity sha512-CiJJvcRtIgzadHCYXw7dqEnMNRjhGZlYK05Mj9OyktqV8uVT8fD2BFOB7S1uwBE3Kj2Z+4UyPmFw/Ixgw/LAlA==
  
  "@types/whatwg-url@^8.2.1":
    version "8.2.2"
    resolved "https://registry.yarnpkg.com/@types/whatwg-url/-/whatwg-url-8.2.2.tgz#749d5b3873e845897ada99be4448041d4cc39e63"
    integrity sha512-FtQu10RWgn3D9U4aazdwIE2yzphmTJREDqNdODHrbrZmmMqI0vMheC/6NE/J1Yveaj8H+ela+YwWTjq5PGmuhA==
    dependencies:
      "@types/node" "*"
      "@types/webidl-conversions" "*"
  
  accepts@~1.3.4, accepts@~1.3.8:
    version "1.3.8"
    resolved "https://registry.yarnpkg.com/accepts/-/accepts-1.3.8.tgz#0bf0be125b67014adcb0b0921e62db7bffe16b2e"
    integrity sha512-PYAthTa2m2VKxuvSD3DPC/Gy+U+sOA1LAuT8mkmRuvw+NACSaeXEQ+NHcVF7rONl6qcaxV3Uuemwawk+7+SJLw==
    dependencies:
      mime-types "~2.1.34"
      negotiator "0.6.3"
  
  agent-base@^7.0.2, agent-base@^7.1.0, agent-base@^7.1.2:
    version "7.1.4"
    resolved "https://registry.yarnpkg.com/agent-base/-/agent-base-7.1.4.tgz#e3cd76d4c548ee895d3c3fd8dc1f6c5b9032e7a8"
    integrity sha512-MnA+YT8fwfJPgBx3m60MNqakm30XOkyIoH1y6huTQvC0PwZG7ki8NacLBcrPbNoo8vEZy7Jpuk7+jMO+CUovTQ==
  
  ajv@^6.12.3:
    version "6.12.6"
    resolved "https://registry.yarnpkg.com/ajv/-/ajv-6.12.6.tgz#baf5a62e802b07d977034586f8c3baf5adf26df4"
    integrity sha512-j3fVLgvTo527anyYyJOGTYJbG+vnnQYvE0m5mmkc1TK+nxAppkCLMIL0aZ4dblVCNoGShhm+kzE4ZUykBoMg4g==
    dependencies:
      fast-deep-equal "^3.1.1"
      fast-json-stable-stringify "^2.0.0"
      json-schema-traverse "^0.4.1"
      uri-js "^4.2.2"
  
  amp-message@~0.1.1:
    version "0.1.2"
    resolved "https://registry.yarnpkg.com/amp-message/-/amp-message-0.1.2.tgz#a78f1c98995087ad36192a41298e4db49e3dfc45"
    integrity sha512-JqutcFwoU1+jhv7ArgW38bqrE+LQdcRv4NxNw0mp0JHQyB6tXesWRjtYKlDgHRY2o3JE5UTaBGUK8kSWUdxWUg==
    dependencies:
      amp "0.3.1"
  
  amp@0.3.1, amp@~0.3.1:
    version "0.3.1"
    resolved "https://registry.yarnpkg.com/amp/-/amp-0.3.1.tgz#6adf8d58a74f361e82c1fa8d389c079e139fc47d"
    integrity sha512-OwIuC4yZaRogHKiuU5WlMR5Xk/jAcpPtawWL05Gj8Lvm2F6mwoJt4O/bHI+DHwG79vWd+8OFYM4/BzYqyRd3qw==
  
  ansi-colors@^4.1.1:
    version "4.1.3"
    resolved "https://registry.yarnpkg.com/ansi-colors/-/ansi-colors-4.1.3.tgz#37611340eb2243e70cc604cad35d63270d48781b"
    integrity sha512-/6w/C21Pm1A7aZitlI5Ni/2J6FFQN8i1Cvz3kHABAAbw93v/NlvKdVOqz7CCWz/3iv/JplRSEEZ83XION15ovw==
  
  ansi-styles@^4.1.0:
    version "4.3.0"
    resolved "https://registry.yarnpkg.com/ansi-styles/-/ansi-styles-4.3.0.tgz#edd803628ae71c04c85ae7a0906edad34b648937"
    integrity sha512-zbB9rCJAT1rbjiVDb2hqKFHNYLxgtk8NURxZ3IZwD3F6NtxbXZQCnnSi1Lkx+IDohdPlFp222wVALIheZJQSEg==
    dependencies:
      color-convert "^2.0.1"
  
  anymatch@~3.1.2:
    version "3.1.3"
    resolved "https://registry.yarnpkg.com/anymatch/-/anymatch-3.1.3.tgz#790c58b19ba1720a84205b57c618d5ad8524973e"
    integrity sha512-KMReFUr0B4t+D+OBkjR3KYqvocp2XaSzO55UcB6mgQMd3KbcE+mWTyvVV7D/zsdEbNnV6acZUutkiHQXvTr1Rw==
    dependencies:
      normalize-path "^3.0.0"
      picomatch "^2.0.4"
  
  append-field@^1.0.0:
    version "1.0.0"
    resolved "https://registry.yarnpkg.com/append-field/-/append-field-1.0.0.tgz#1e3440e915f0b1203d23748e78edd7b9b5b43e56"
    integrity sha512-klpgFSWLW1ZEs8svjfb7g4qWY0YS5imI82dTg+QahUvJ8YqAY0P10Uk8tTyh9ZGuYEZEMaeJYCF5BFuX552hsw==
  
  argparse@^2.0.1:
    version "2.0.1"
    resolved "https://registry.yarnpkg.com/argparse/-/argparse-2.0.1.tgz#246f50f3ca78a3240f6c997e8a9bd1eac49e4b38"
    integrity sha512-8+9WqebbFzpX9OR+Wa6O29asIogeRMzcGtAINdpMHHyAg10f05aSFVBbcEqGf/PXw1EjAZ+q2/bEBg3DvurK3Q==
  
  array-flatten@1.1.1:
    version "1.1.1"
    resolved "https://registry.yarnpkg.com/array-flatten/-/array-flatten-1.1.1.tgz#9a5f699051b1e7073328f2a008968b64ea2955d2"
    integrity sha512-PCVAQswWemu6UdxsDFFX/+gVeYqKAod3D3UVm91jHwynguOwAvYPhx8nNlM++NqRcK6CxxpUafjmhIdKiHibqg==
  
  asn1@~0.2.3:
    version "0.2.6"
    resolved "https://registry.yarnpkg.com/asn1/-/asn1-0.2.6.tgz#0d3a7bb6e64e02a90c0303b31f292868ea09a08d"
    integrity sha512-ix/FxPn0MDjeyJ7i/yoHGFt/EX6LyNbxSEhPPXODPL+KB0VPk86UYfL0lMdy+KCnv+fmvIzySwaK5COwqVbWTQ==
    dependencies:
      safer-buffer "~2.1.0"
  
  assert-plus@1.0.0, assert-plus@^1.0.0:
    version "1.0.0"
    resolved "https://registry.yarnpkg.com/assert-plus/-/assert-plus-1.0.0.tgz#f12e0f3c5d77b0b1cdd9146942e4e96c1e4dd525"
    integrity sha512-NfJ4UzBCcQGLDlQq7nHxH+tv3kyZ0hHQqF5BO6J7tNJeP5do1llPr8dZ8zHonfhAu0PHAdMkSo+8o0wxg9lZWw==
  
  ast-types@^0.13.4:
    version "0.13.4"
    resolved "https://registry.yarnpkg.com/ast-types/-/ast-types-0.13.4.tgz#ee0d77b343263965ecc3fb62da16e7222b2b6782"
    integrity sha512-x1FCFnFifvYDDzTaLII71vG5uvDwgtmDTEVWAxrgeiR8VjMONcCXJx7E+USjDtHlwFmt9MysbqgF9b9Vjr6w+w==
    dependencies:
      tslib "^2.0.1"
  
  async@^2.5.0, async@^2.6.3, async@~2.6.1:
    version "2.6.4"
    resolved "https://registry.yarnpkg.com/async/-/async-2.6.4.tgz#706b7ff6084664cd7eae713f6f965433b5504221"
    integrity sha512-mzo5dfJYwAn29PeiJ0zvwTo04zj8HDJj0Mn8TD7sno7q12prdbnasKJHhkm2c1LgrhlJ0teaea8860oxi51mGA==
    dependencies:
      lodash "^4.17.14"
  
  async@^3.2.0, async@~3.2.0:
    version "3.2.6"
    resolved "https://registry.yarnpkg.com/async/-/async-3.2.6.tgz#1b0728e14929d51b85b449b7f06e27c1145e38ce"
    integrity sha512-htCUDlxyyCLMgaM3xXg0C0LW2xqfuQ6p05pCEIsXuyQ+a1koYKTuBMzRNwmybfLgvJDMd0r1LTn4+E0Ti6C2AA==
  
  async@~0.9.0:
    version "0.9.2"
    resolved "https://registry.yarnpkg.com/async/-/async-0.9.2.tgz#aea74d5e61c1f899613bf64bda66d4c78f2fd17d"
    integrity sha512-l6ToIJIotphWahxxHyzK9bnLR6kM4jJIIgLShZeqLY7iboHoGkdgFl7W2/Ivi4SkMJYGKqW8vSuk0uKUj6qsSw==
  
  asynckit@^0.4.0:
    version "0.4.0"
    resolved "https://registry.yarnpkg.com/asynckit/-/asynckit-0.4.0.tgz#c79ed97f7f34cb8f2ba1bc9790bcc366474b4b79"
    integrity sha512-Oei9OH4tRh0YqU3GxhX79dM/mwVgvbZJaSNaRk+bshkj0S5cfHcgYakreBjrHwatXKbz+IoIdYLxrKim2MjW0Q==
  
  aws-sign2@~0.7.0:
    version "0.7.0"
    resolved "https://registry.yarnpkg.com/aws-sign2/-/aws-sign2-0.7.0.tgz#b46e890934a9591f2d2f6f86d7e6a9f1b3fe76a8"
    integrity sha512-08kcGqnYf/YmjoRhfxyu+CLxBjUtHLXLXX/vUfx9l2LYzG3c1m61nrpyFUZI6zeS+Li/wWMMidD9KgrqtGq3mA==
  
  aws4@^1.8.0:
    version "1.13.2"
    resolved "https://registry.yarnpkg.com/aws4/-/aws4-1.13.2.tgz#0aa167216965ac9474ccfa83892cfb6b3e1e52ef"
    integrity sha512-lHe62zvbTB5eEABUVi/AwVh0ZKY9rMMDhmm+eeyuuUQbQ3+J+fONVQOZyj+DdrvD4BY33uYniyRJ4UJIaSKAfw==
  
  axios@^1.10.0:
    version "1.11.0"
    resolved "https://registry.yarnpkg.com/axios/-/axios-1.11.0.tgz#c2ec219e35e414c025b2095e8b8280278478fdb6"
    integrity sha512-1Lx3WLFQWm3ooKDYZD1eXmoGO9fxYQjrycfHFC8P0sCfQVXyROp0p9PFWBehewBOdCwHc+f/b8I0fMto5eSfwA==
    dependencies:
      follow-redirects "^1.15.6"
      form-data "^4.0.4"
      proxy-from-env "^1.1.0"
  
  balanced-match@^1.0.0:
    version "1.0.2"
    resolved "https://registry.yarnpkg.com/balanced-match/-/balanced-match-1.0.2.tgz#e83e3a7e3f300b34cb9d87f615fa0cbf357690ee"
    integrity sha512-3oSeUO0TMV67hN1AmbXsK4yaqU7tjiHlbxRDZOpH0KW9+CeX4bRAaX0Anxt0tx2MrpRpWwQaPwIlISEJhYU5Pw==
  
  base64-js@^1.3.1:
    version "1.5.1"
    resolved "https://registry.yarnpkg.com/base64-js/-/base64-js-1.5.1.tgz#1b1b440160a5bf7ad40b650f095963481903930a"
    integrity sha512-AKpaYlHn8t4SVbOHCy+b5+KKgvR4vrsD8vbvrbiQJps7fKDTkjkDry6ji0rUJjC0kzbNePLwzxq8iypo41qeWA==
  
  base64id@2.0.0, base64id@~2.0.0:
    version "2.0.0"
    resolved "https://registry.yarnpkg.com/base64id/-/base64id-2.0.0.tgz#2770ac6bc47d312af97a8bf9a634342e0cd25cb6"
    integrity sha512-lGe34o6EHj9y3Kts9R4ZYs/Gr+6N7MCaMlIFA3F1R2O5/m7K06AxfSeO5530PEERE6/WyEg3lsuyw4GHlPZHog==
  
  basic-ftp@^5.0.2:
    version "5.0.5"
    resolved "https://registry.yarnpkg.com/basic-ftp/-/basic-ftp-5.0.5.tgz#14a474f5fffecca1f4f406f1c26b18f800225ac0"
    integrity sha512-4Bcg1P8xhUuqcii/S0Z9wiHIrQVPMermM1any+MX5GeGD7faD3/msQUDGLol9wOcz4/jbg/WJnGqoJF6LiBdtg==
  
  bcrypt-pbkdf@^1.0.0:
    version "1.0.2"
    resolved "https://registry.yarnpkg.com/bcrypt-pbkdf/-/bcrypt-pbkdf-1.0.2.tgz#a4301d389b6a43f9b67ff3ca11a3f6637e360e9e"
    integrity sha512-qeFIXtP4MSoi6NLqO12WfqARWWuCKi2Rn/9hJLEmtB5yTNr9DqFWkJRCf2qShWzPeAMRnOgCrq0sg/KLv5ES9w==
    dependencies:
      tweetnacl "^0.14.3"
  
  bcrypt@^6.0.0:
    version "6.0.0"
    resolved "https://registry.yarnpkg.com/bcrypt/-/bcrypt-6.0.0.tgz#86643fddde9bcd0ad91400b063003fa4b0312835"
    integrity sha512-cU8v/EGSrnH+HnxV2z0J7/blxH8gq7Xh2JFT6Aroax7UohdmiJJlxApMxtKfuI7z68NvvVcmR78k2LbT6efhRg==
    dependencies:
      node-addon-api "^8.3.0"
      node-gyp-build "^4.8.4"
  
  bcryptjs@^3.0.2:
    version "3.0.2"
    resolved "https://registry.yarnpkg.com/bcryptjs/-/bcryptjs-3.0.2.tgz#caadcca1afefe372ed6e20f86db8e8546361c1ca"
    integrity sha512-k38b3XOZKv60C4E2hVsXTolJWfkGRMbILBIe2IBITXciy5bOsTKot5kDrf3ZfufQtQOUN5mXceUEpU1rTl9Uog==
  
  binary-extensions@^2.0.0:
    version "2.3.0"
    resolved "https://registry.yarnpkg.com/binary-extensions/-/binary-extensions-2.3.0.tgz#f6e14a97858d327252200242d4ccfe522c445522"
    integrity sha512-Ceh+7ox5qe7LJuLHoY0feh3pHuUDHAcRUeyL2VYghZwfpkNIy/+8Ocg0a3UuSoYzavmylwuLWQOf3hl0jjMMIw==
  
  blessed@0.1.81:
    version "0.1.81"
    resolved "https://registry.yarnpkg.com/blessed/-/blessed-0.1.81.tgz#f962d687ec2c369570ae71af843256e6d0ca1129"
    integrity sha512-LoF5gae+hlmfORcG1M5+5XZi4LBmvlXTzwJWzUlPryN/SJdSflZvROM2TwkT0GMpq7oqT48NRd4GS7BiVBc5OQ==
  
  bodec@^0.1.0:
    version "0.1.0"
    resolved "https://registry.yarnpkg.com/bodec/-/bodec-0.1.0.tgz#bc851555430f23c9f7650a75ef64c6a94c3418cc"
    integrity sha512-Ylo+MAo5BDUq1KA3f3R/MFhh+g8cnHmo8bz3YPGhI1znrMaf77ol1sfvYJzsw3nTE+Y2GryfDxBaR+AqpAkEHQ==
  
  body-parser@1.20.3, body-parser@^1.19.0:
    version "1.20.3"
    resolved "https://registry.yarnpkg.com/body-parser/-/body-parser-1.20.3.tgz#1953431221c6fb5cd63c4b36d53fab0928e548c6"
    integrity sha512-7rAxByjUMqQ3/bHJy7D6OGXvx/MMc4IqBn/X0fcM1QUcAItpZrBEYhWGem+tzXH90c+G01ypMcYJBO9Y30203g==
    dependencies:
      bytes "3.1.2"
      content-type "~1.0.5"
      debug "2.6.9"
      depd "2.0.0"
      destroy "1.2.0"
      http-errors "2.0.0"
      iconv-lite "0.4.24"
      on-finished "2.4.1"
      qs "6.13.0"
      raw-body "2.5.2"
      type-is "~1.6.18"
      unpipe "1.0.0"
  
  bowser@^2.11.0:
    version "2.11.0"
    resolved "https://registry.yarnpkg.com/bowser/-/bowser-2.11.0.tgz#5ca3c35757a7aa5771500c70a73a9f91ef420a8f"
    integrity sha512-AlcaJBi/pqqJBIQ8U9Mcpc9i8Aqxn88Skv5d+xBX006BY5u8N3mGLHa5Lgppa7L/HfwgwLgZ6NYs+Ag6uUmJRA==
  
  brace-expansion@^1.1.7:
    version "1.1.12"
    resolved "https://registry.yarnpkg.com/brace-expansion/-/brace-expansion-1.1.12.tgz#ab9b454466e5a8cc3a187beaad580412a9c5b843"
    integrity sha512-9T9UjW3r0UW5c1Q7GTwllptXwhvYmEzFhzMfZ9H7FQWt+uZePjZPjBP/W1ZEyZ1twGWom5/56TF4lPcqjnDHcg==
    dependencies:
      balanced-match "^1.0.0"
      concat-map "0.0.1"
  
  braces@~3.0.2:
    version "3.0.3"
    resolved "https://registry.yarnpkg.com/braces/-/braces-3.0.3.tgz#490332f40919452272d55a8480adc0c441358789"
    integrity sha512-yQbXgO/OSZVD2IsiLlro+7Hf6Q18EJrKSEsdoMzKePKXct3gvD8oLcOQdIzGupr5Fj+EDe8gO/lxc1BzfMpxvA==
    dependencies:
      fill-range "^7.1.1"
  
  bson@^4.7.2:
    version "4.7.2"
    resolved "https://registry.yarnpkg.com/bson/-/bson-4.7.2.tgz#320f4ad0eaf5312dd9b45dc369cc48945e2a5f2e"
    integrity sha512-Ry9wCtIZ5kGqkJoi6aD8KjxFZEx78guTQDnpXWiNthsxzrxAK/i8E6pCHAIZTbaEFWcOCvbecMukfK7XUvyLpQ==
    dependencies:
      buffer "^5.6.0"
  
  buffer-equal-constant-time@^1.0.1:
    version "1.0.1"
    resolved "https://registry.yarnpkg.com/buffer-equal-constant-time/-/buffer-equal-constant-time-1.0.1.tgz#f8e71132f7ffe6e01a5c9697a4c6f3e48d5cc819"
    integrity sha512-zRpUiDwd/xk6ADqPMATG8vc9VPrkck7T07OIx0gnjmJAnHnTVXNQG3vfvWNuiZIkwu9KrKdA1iJKfsfTVxE6NA==
  
  buffer-from@^1.0.0:
    version "1.1.2"
    resolved "https://registry.yarnpkg.com/buffer-from/-/buffer-from-1.1.2.tgz#2b146a6fd72e80b4f55d255f35ed59a3a9a41bd5"
    integrity sha512-E+XQCRwSbaaiChtv6k6Dwgc+bx+Bs6vuKJHHl5kox/BaKbhiXzqQOwK4cO22yElGp2OCmjwVhT3HmxgyPGnJfQ==
  
  buffer@^5.6.0:
    version "5.7.1"
    resolved "https://registry.yarnpkg.com/buffer/-/buffer-5.7.1.tgz#ba62e7c13133053582197160851a8f648e99eed0"
    integrity sha512-EHcyIPBQ4BSGlvjB16k5KgAJ27CIsHY/2JBmCRReo48y9rQ3MaUzWX3KVlBa4U7MyX02HdVj0K7C3WaB3ju7FQ==
    dependencies:
      base64-js "^1.3.1"
      ieee754 "^1.1.13"
  
  busboy@^1.6.0:
    version "1.6.0"
    resolved "https://registry.yarnpkg.com/busboy/-/busboy-1.6.0.tgz#966ea36a9502e43cdb9146962523b92f531f6893"
    integrity sha512-8SFQbg/0hQ9xy3UNTB0YEnsNBbWfhf7RtnzpL7TkBiTBRfrQ9Fxcnz7VJsleJpyp6rVLvXiuORqjlHi5q+PYuA==
    dependencies:
      streamsearch "^1.1.0"
  
  bytes@3.1.2:
    version "3.1.2"
    resolved "https://registry.yarnpkg.com/bytes/-/bytes-3.1.2.tgz#8b0beeb98605adf1b128fa4386403c009e0221a5"
    integrity sha512-/Nf7TyzTx6S3yRJObOAV7956r8cr2+Oj8AC5dt8wSP3BQAoeX58NoHyCU8P8zGkNXStjTSi6fzO6F0pBdcYbEg==
  
  call-bind-apply-helpers@^1.0.1, call-bind-apply-helpers@^1.0.2:
    version "1.0.2"
    resolved "https://registry.yarnpkg.com/call-bind-apply-helpers/-/call-bind-apply-helpers-1.0.2.tgz#4b5428c222be985d79c3d82657479dbe0b59b2d6"
    integrity sha512-Sp1ablJ0ivDkSzjcaJdxEunN5/XvksFJ2sMBFfq6x0ryhQV/2b/KwFe21cMpmHtPOSij8K99/wSfoEuTObmuMQ==
    dependencies:
      es-errors "^1.3.0"
      function-bind "^1.1.2"
  
  call-bound@^1.0.2:
    version "1.0.4"
    resolved "https://registry.yarnpkg.com/call-bound/-/call-bound-1.0.4.tgz#238de935d2a2a692928c538c7ccfa91067fd062a"
    integrity sha512-+ys997U96po4Kx/ABpBCqhA9EuxJaQWDQg7295H4hBphv3IZg0boBKuwYpt4YXp6MZ5AmZQnU/tyMTlRpaSejg==
    dependencies:
      call-bind-apply-helpers "^1.0.2"
      get-intrinsic "^1.3.0"
  
  caseless@~0.12.0:
    version "0.12.0"
    resolved "https://registry.yarnpkg.com/caseless/-/caseless-0.12.0.tgz#1b681c21ff84033c826543090689420d187151dc"
    integrity sha512-4tYFyifaFfGacoiObjJegolkwSU4xQNGbVgUiNYVUxbQ2x2lUsFvY4hVgVzGiIe6WLOPqycWXA40l+PWsxthUw==
  
  chalk@3.0.0, chalk@~3.0.0:
    version "3.0.0"
    resolved "https://registry.yarnpkg.com/chalk/-/chalk-3.0.0.tgz#3f73c2bf526591f574cc492c51e2456349f844e4"
    integrity sha512-4D3B6Wf41KOYRFdszmDqMCGq5VV/uMAB273JILmO+3jAlh8X4qDtdtgCR3fxtbLEMzSx22QdhnDcJvu2u1fVwg==
    dependencies:
      ansi-styles "^4.1.0"
      supports-color "^7.1.0"
  
  charm@~0.1.1:
    version "0.1.2"
    resolved "https://registry.yarnpkg.com/charm/-/charm-0.1.2.tgz#06c21eed1a1b06aeb67553cdc53e23274bac2296"
    integrity sha512-syedaZ9cPe7r3hoQA9twWYKu5AIyCswN5+szkmPBe9ccdLrj4bYaCnLVPTLd2kgVRc7+zoX4tyPgRnFKCj5YjQ==
  
  chokidar@^3.5.2, chokidar@^3.5.3:
    version "3.6.0"
    resolved "https://registry.yarnpkg.com/chokidar/-/chokidar-3.6.0.tgz#197c6cc669ef2a8dc5e7b4d97ee4e092c3eb0d5b"
    integrity sha512-7VT13fmjotKpGipCW9JEQAusEPE+Ei8nl6/g4FBAmIm0GOOLMua9NDDo/DWp0ZAxCr3cPq5ZpBqmPAQgDda2Pw==
    dependencies:
      anymatch "~3.1.2"
      braces "~3.0.2"
      glob-parent "~5.1.2"
      is-binary-path "~2.1.0"
      is-glob "~4.0.1"
      normalize-path "~3.0.0"
      readdirp "~3.6.0"
    optionalDependencies:
      fsevents "~2.3.2"
  
  cli-tableau@^2.0.0:
    version "2.0.1"
    resolved "https://registry.yarnpkg.com/cli-tableau/-/cli-tableau-2.0.1.tgz#baa78d83e08a2d7ab79b7dad9406f0254977053f"
    integrity sha512-he+WTicka9cl0Fg/y+YyxcN6/bfQ/1O3QmgxRXDhABKqLzvoOSM4fMzp39uMyLBulAFuywD2N7UaoQE7WaADxQ==
    dependencies:
      chalk "3.0.0"
  
  cloudinary@^2.7.0:
    version "2.7.0"
    resolved "https://registry.yarnpkg.com/cloudinary/-/cloudinary-2.7.0.tgz#571572409493b9ccc1dd57df3ddbdf56b91072c9"
    integrity sha512-qrqDn31+qkMCzKu1GfRpzPNAO86jchcNwEHCUiqvPHNSFqu7FTNF9FuAkBUyvM1CFFgFPu64NT0DyeREwLwK0w==
    dependencies:
      lodash "^4.17.21"
      q "^1.5.1"
  
  color-convert@^2.0.1:
    version "2.0.1"
    resolved "https://registry.yarnpkg.com/color-convert/-/color-convert-2.0.1.tgz#72d3a68d598c9bdb3af2ad1e84f21d896abd4de3"
    integrity sha512-RRECPsj7iu/xb5oKYcsFHSppFNnsj/52OVTRKb4zP5onXwVF3zVmmToNcOfGC+CRDpfK/U584fMg38ZHCaElKQ==
    dependencies:
      color-name "~1.1.4"
  
  color-name@~1.1.4:
    version "1.1.4"
    resolved "https://registry.yarnpkg.com/color-name/-/color-name-1.1.4.tgz#c2a09a87acbde69543de6f63fa3995c826c536a2"
    integrity sha512-dOy+3AuW3a2wNbZHIuMZpTcgjGuLU/uBL/ubcZF9OXbDo8ff4O8yVp5Bf0efS8uEoYo5q4Fx7dY9OgQGXgAsQA==
  
  combined-stream@^1.0.6, combined-stream@^1.0.8, combined-stream@~1.0.6:
    version "1.0.8"
    resolved "https://registry.yarnpkg.com/combined-stream/-/combined-stream-1.0.8.tgz#c3d45a8b34fd730631a110a8a2520682b31d5a7f"
    integrity sha512-FQN4MRfuJeHf7cBbBMJFXhKSDq+2kAArBlmRBvcvFE5BB1HZKXtSFASDhdlz9zOYwxh8lDdnvmMOe/+5cdoEdg==
    dependencies:
      delayed-stream "~1.0.0"
  
  combined-stream@~0.0.4:
    version "0.0.7"
    resolved "https://registry.yarnpkg.com/combined-stream/-/combined-stream-0.0.7.tgz#0137e657baa5a7541c57ac37ac5fc07d73b4dc1f"
    integrity sha512-qfexlmLp9MyrkajQVyjEDb0Vj+KhRgR/rxLiVhaihlT+ZkX0lReqtH6Ack40CvMDERR4b5eFp3CreskpBs1Pig==
    dependencies:
      delayed-stream "0.0.5"
  
  commander@2.15.1:
    version "2.15.1"
    resolved "https://registry.yarnpkg.com/commander/-/commander-2.15.1.tgz#df46e867d0fc2aec66a34662b406a9ccafff5b0f"
    integrity sha512-VlfT9F3V0v+jr4yxPc5gg9s62/fIVWsd2Bk2iD435um1NlGMYdVCq+MjcXnhYq2icNOizHr1kK+5TI6H0Hy0ag==
  
  concat-map@0.0.1:
    version "0.0.1"
    resolved "https://registry.yarnpkg.com/concat-map/-/concat-map-0.0.1.tgz#d8a96bd77fd68df7793a73036a3ba0d5405d477b"
    integrity sha512-/Srv4dswyQNBfohGpz9o6Yb3Gz3SrUDqBH5rTuhGR7ahtlbYKnVxw2bCFMRljaA7EXHaXZ8wsHdodFvbkhKmqg==
  
  concat-stream@^2.0.0:
    version "2.0.0"
    resolved "https://registry.yarnpkg.com/concat-stream/-/concat-stream-2.0.0.tgz#414cf5af790a48c60ab9be4527d56d5e41133cb1"
    integrity sha512-MWufYdFw53ccGjCA+Ol7XJYpAlW6/prSMzuPOTRnJGcGzuhLn4Scrz7qf6o8bROZ514ltazcIFJZevcfbo0x7A==
    dependencies:
      buffer-from "^1.0.0"
      inherits "^2.0.3"
      readable-stream "^3.0.2"
      typedarray "^0.0.6"
  
  content-disposition@0.5.4:
    version "0.5.4"
    resolved "https://registry.yarnpkg.com/content-disposition/-/content-disposition-0.5.4.tgz#8b82b4efac82512a02bb0b1dcec9d2c5e8eb5bfe"
    integrity sha512-FveZTNuGw04cxlAiWbzi6zTAL/lhehaWbTtgluJh4/E95DqMwTmha3KZN1aAWA8cFIhHzMZUvLevkw5Rqk+tSQ==
    dependencies:
      safe-buffer "5.2.1"
  
  content-type@~1.0.4, content-type@~1.0.5:
    version "1.0.5"
    resolved "https://registry.yarnpkg.com/content-type/-/content-type-1.0.5.tgz#8b773162656d1d1086784c8f23a54ce6d73d7918"
    integrity sha512-nTjqfcBFEipKdXCv4YDQWCfmcLZKm81ldF0pAopTvyrFGVbcR6P/VAAd5G7N+0tTr8QqiU0tFadD6FK4NtJwOA==
  
  cookie-parser@^1.4.6:
    version "1.4.7"
    resolved "https://registry.yarnpkg.com/cookie-parser/-/cookie-parser-1.4.7.tgz#e2125635dfd766888ffe90d60c286404fa0e7b26"
    integrity sha512-nGUvgXnotP3BsjiLX2ypbQnWoGUPIIfHQNZkkC668ntrzGWEZVW70HDEB1qnNGMicPje6EttlIgzo51YSwNQGw==
    dependencies:
      cookie "0.7.2"
      cookie-signature "1.0.6"
  
  cookie-signature@1.0.6:
    version "1.0.6"
    resolved "https://registry.yarnpkg.com/cookie-signature/-/cookie-signature-1.0.6.tgz#e303a882b342cc3ee8ca513a79999734dab3ae2c"
    integrity sha512-QADzlaHc8icV8I7vbaJXJwod9HWYp8uCqf1xa4OfNu1T7JVxQIrUgOWtHdNDtPiywmFbiS12VjotIXLrKM3orQ==
  
  cookie@0.7.1:
    version "0.7.1"
    resolved "https://registry.yarnpkg.com/cookie/-/cookie-0.7.1.tgz#2f73c42142d5d5cf71310a74fc4ae61670e5dbc9"
    integrity sha512-6DnInpx7SJ2AK3+CTUE/ZM0vWTUboZCegxhC2xiIydHR9jNuTAASBrfEpHhiGOZw/nX51bHt6YQl8jsGo4y/0w==
  
  cookie@0.7.2, cookie@~0.7.2:
    version "0.7.2"
    resolved "https://registry.yarnpkg.com/cookie/-/cookie-0.7.2.tgz#556369c472a2ba910f2979891b526b3436237ed7"
    integrity sha512-yki5XnKuf750l50uGTllt6kKILY4nQ1eNIQatoXEByZ5dWgnKqbnqmTrBE5B4N7lrMJKQ2ytWMiTO2o0v6Ew/w==
  
  core-util-is@1.0.2:
    version "1.0.2"
    resolved "https://registry.yarnpkg.com/core-util-is/-/core-util-is-1.0.2.tgz#b5fd54220aa2bc5ab57aab7140c940754503c1a7"
    integrity sha512-3lqz5YjWTYnW6dlDa5TLaTCcShfar1e40rmcJVwCBJC6mWlFuj0eCHIElmG1g5kyuJ/GD+8Wn4FFCcz4gJPfaQ==
  
  cors@^2.8.5, cors@~2.8.5:
    version "2.8.5"
    resolved "https://registry.yarnpkg.com/cors/-/cors-2.8.5.tgz#eac11da51592dd86b9f06f6e7ac293b3df875d29"
    integrity sha512-KIHbLJqu73RGr/hnbrO9uBeixNGuvSQjul/jdFvS/KFSIH1hWVd1ng7zOHx+YrEfInLG7q4n6GHQ9cDtxv/P6g==
    dependencies:
      object-assign "^4"
      vary "^1"
  
  croner@~4.1.92:
    version "4.1.97"
    resolved "https://registry.yarnpkg.com/croner/-/croner-4.1.97.tgz#6e373dc7bb3026fab2deb0d82685feef20796766"
    integrity sha512-/f6gpQuxDaqXu+1kwQYSckUglPaOrHdbIlBAu0YuW8/Cdb45XwXYNUBXg3r/9Mo6n540Kn/smKcZWko5x99KrQ==
  
  csv-parser@^3.0.0:
    version "3.2.0"
    resolved "https://registry.yarnpkg.com/csv-parser/-/csv-parser-3.2.0.tgz#7e5515e3763e963dc8660dc9dcfc3f0eaf72b0a9"
    integrity sha512-fgKbp+AJbn1h2dcAHKIdKNSSjfp43BZZykXsCjzALjKy80VXQNHPFJ6T9Afwdzoj24aMkq8GwDS7KGcDPpejrA==
  
  culvert@^0.1.2:
    version "0.1.2"
    resolved "https://registry.yarnpkg.com/culvert/-/culvert-0.1.2.tgz#9502f5f0154a2d5a22a023e79f71cc936fa6ef6f"
    integrity sha512-yi1x3EAWKjQTreYWeSd98431AV+IEE0qoDyOoaHJ7KJ21gv6HtBXHVLX74opVSGqcR8/AbjJBHAHpcOy2bj5Gg==
  
  dashdash@^1.12.0:
    version "1.14.1"
    resolved "https://registry.yarnpkg.com/dashdash/-/dashdash-1.14.1.tgz#853cfa0f7cbe2fed5de20326b8dd581035f6e2f0"
    integrity sha512-jRFi8UDGo6j+odZiEpjazZaWqEal3w/basFjQHQEwVtZJGDpxbH1MeYluwCS8Xq5wmLJooDlMgvVarmWfGM44g==
    dependencies:
      assert-plus "^1.0.0"
  
  data-uri-to-buffer@^6.0.2:
    version "6.0.2"
    resolved "https://registry.yarnpkg.com/data-uri-to-buffer/-/data-uri-to-buffer-6.0.2.tgz#8a58bb67384b261a38ef18bea1810cb01badd28b"
    integrity sha512-7hvf7/GW8e86rW0ptuwS3OcBGDjIi6SZva7hCyWC0yYry2cOPmLIjXAUHI6DK2HsnwJd9ifmt57i8eV2n4YNpw==
  
  date-fns@^2.29.3:
    version "2.30.0"
    resolved "https://registry.yarnpkg.com/date-fns/-/date-fns-2.30.0.tgz#f367e644839ff57894ec6ac480de40cae4b0f4d0"
    integrity sha512-fnULvOpxnC5/Vg3NCiWelDsLiUc9bRwAPs/+LfTLNvetFCtCTN+yQz15C/fs4AwX1R9K5GLtLfn8QW+dWisaAw==
    dependencies:
      "@babel/runtime" "^7.21.0"
  
  dayjs@~1.11.5:
    version "1.11.13"
    resolved "https://registry.yarnpkg.com/dayjs/-/dayjs-1.11.13.tgz#92430b0139055c3ebb60150aa13e860a4b5a366c"
    integrity sha512-oaMBel6gjolK862uaPQOVTA7q3TZhuSvuMQAAglQDOWYO9A91IrAOUJEyKVlqJlHE0vq5p5UXxzdPfMH/x6xNg==
  
  dayjs@~1.8.24:
    version "1.8.36"
    resolved "https://registry.yarnpkg.com/dayjs/-/dayjs-1.8.36.tgz#be36e248467afabf8f5a86bae0de0cdceecced50"
    integrity sha512-3VmRXEtw7RZKAf+4Tv1Ym9AGeo8r8+CjDi26x+7SYQil1UqtqdaokhzoEJohqlzt0m5kacJSDhJQkG/LWhpRBw==
  
  debug@2.6.9:
    version "2.6.9"
    resolved "https://registry.yarnpkg.com/debug/-/debug-2.6.9.tgz#5d128515df134ff327e90a4c93f4e077a536341f"
    integrity sha512-bC7ElrdJaJnPbAP+1EotYvqZsb3ecl5wi6Bfi6BJTUcNowp6cvspg0jXznRTKDjm/E7AdgFBVeAPVMNcKGsHMA==
    dependencies:
      ms "2.0.0"
  
  debug@4, debug@4.x, debug@^4.1.1, debug@^4.3.1, debug@^4.3.4:
    version "4.4.1"
    resolved "https://registry.yarnpkg.com/debug/-/debug-4.4.1.tgz#e5a8bc6cbc4c6cd3e64308b0693a3d4fa550189b"
    integrity sha512-KcKCqiftBJcZr++7ykoDIEwSa3XWowTfNPo92BYxjXiyYEVrUQh2aLyhxBCwww+heortUFxEJYcRzosstTEBYQ==
    dependencies:
      ms "^2.1.3"
  
  debug@^3.2.6, debug@^3.2.7:
    version "3.2.7"
    resolved "https://registry.yarnpkg.com/debug/-/debug-3.2.7.tgz#72580b7e9145fb39b6676f9c5e5fb100b934179a"
    integrity sha512-CFjzYYAi4ThfiQvizrFQevTTXHtnCqWfe7x1AhgEscTz6ZbLbfoLRLPugTQyBth6f8ZERVUSyWHFD/7Wu4t1XQ==
    dependencies:
      ms "^2.1.1"
  
  debug@~4.3.1, debug@~4.3.2, debug@~4.3.4:
    version "4.3.7"
    resolved "https://registry.yarnpkg.com/debug/-/debug-4.3.7.tgz#87945b4151a011d76d95a198d7111c865c360a52"
    integrity sha512-Er2nc/H7RrMXZBFCEim6TCmMk02Z8vLC2Rbi1KEBggpo0fS6l0S1nnapwmIi3yW/+GOJap1Krg4w0Hg80oCqgQ==
    dependencies:
      ms "^2.1.3"
  
  degenerator@^5.0.0:
    version "5.0.1"
    resolved "https://registry.yarnpkg.com/degenerator/-/degenerator-5.0.1.tgz#9403bf297c6dad9a1ece409b37db27954f91f2f5"
    integrity sha512-TllpMR/t0M5sqCXfj85i4XaAzxmS5tVA16dqvdkMwGmzI+dXLXnw3J+3Vdv7VKw+ThlTMboK6i9rnZ6Nntj5CQ==
    dependencies:
      ast-types "^0.13.4"
      escodegen "^2.1.0"
      esprima "^4.0.1"
  
  delayed-stream@0.0.5:
    version "0.0.5"
    resolved "https://registry.yarnpkg.com/delayed-stream/-/delayed-stream-0.0.5.tgz#d4b1f43a93e8296dfe02694f4680bc37a313c73f"
    integrity sha512-v+7uBd1pqe5YtgPacIIbZ8HuHeLFVNe4mUEyFDXL6KiqzEykjbw+5mXZXpGFgNVasdL4jWKgaKIXrEHiynN1LA==
  
  delayed-stream@~1.0.0:
    version "1.0.0"
    resolved "https://registry.yarnpkg.com/delayed-stream/-/delayed-stream-1.0.0.tgz#df3ae199acadfb7d440aaae0b29e2272b24ec619"
    integrity sha512-ZySD7Nf91aLB0RxL4KGrKHBXl7Eds1DAmEdcoVawXnLD7SDhpNgtuII2aAkg7a7QS41jxPSZ17p4VdGnMHk3MQ==
  
  depd@2.0.0:
    version "2.0.0"
    resolved "https://registry.yarnpkg.com/depd/-/depd-2.0.0.tgz#b696163cc757560d09cf22cc8fad1571b79e76df"
    integrity sha512-g7nH6P6dyDioJogAAGprGpCtVImJhpPk/roCzdb3fIh61/s/nPsfR6onyMwkCAR/OlC3yBC0lESvUoQEAssIrw==
  
  destroy@1.2.0:
    version "1.2.0"
    resolved "https://registry.yarnpkg.com/destroy/-/destroy-1.2.0.tgz#4803735509ad8be552934c67df614f94e66fa015"
    integrity sha512-2sJGJTaXIIaR1w4iJSNoN0hnMY7Gpc/n8D4qSCJw8QqFWXf7cuAgnEHxBpweaVcPevC2l3KpjYCx3NypQQgaJg==
  
  dotenv@^16.0.3:
    version "16.6.1"
    resolved "https://registry.yarnpkg.com/dotenv/-/dotenv-16.6.1.tgz#773f0e69527a8315c7285d5ee73c4459d20a8020"
    integrity sha512-uBq4egWHTcTt33a72vpSG0z3HnPuIl6NqYcTrKEg2azoEyl2hpW0zqlxysq2pK9HlDIHyHyakeYaYnSAwd8bow==
  
  dunder-proto@^1.0.1:
    version "1.0.1"
    resolved "https://registry.yarnpkg.com/dunder-proto/-/dunder-proto-1.0.1.tgz#d7ae667e1dc83482f8b70fd0f6eefc50da30f58a"
    integrity sha512-KIN/nDJBQRcXw0MLVhZE9iQHmG68qAVIBg9CqmUYjmQIhgij9U5MFvrqkUL5FbtyyzZuOeOt0zdeRe4UY7ct+A==
    dependencies:
      call-bind-apply-helpers "^1.0.1"
      es-errors "^1.3.0"
      gopd "^1.2.0"
  
  ecc-jsbn@~0.1.1:
    version "0.1.2"
    resolved "https://registry.yarnpkg.com/ecc-jsbn/-/ecc-jsbn-0.1.2.tgz#3a83a904e54353287874c564b7549386849a98c9"
    integrity sha512-eh9O+hwRHNbG4BLTjEl3nw044CkGm5X6LoaCf7LPp7UU8Qrt47JYNi6nPX8xjW97TKGKm1ouctg0QSpZe9qrnw==
    dependencies:
      jsbn "~0.1.0"
      safer-buffer "^2.1.0"
  
  ecdsa-sig-formatter@1.0.11:
    version "1.0.11"
    resolved "https://registry.yarnpkg.com/ecdsa-sig-formatter/-/ecdsa-sig-formatter-1.0.11.tgz#ae0f0fa2d85045ef14a817daa3ce9acd0489e5bf"
    integrity sha512-nagl3RYrbNv6kQkeJIpt6NJZy8twLB/2vtz6yN9Z4vRKHN4/QZJIEbqohALSgwKdnksuY3k5Addp5lg8sVoVcQ==
    dependencies:
      safe-buffer "^5.0.1"
  
  ee-first@1.1.1:
    version "1.1.1"
    resolved "https://registry.yarnpkg.com/ee-first/-/ee-first-1.1.1.tgz#590c61156b0ae2f4f0255732a158b266bc56b21d"
    integrity sha512-WMwm9LhRUo+WUaRN+vRuETqG89IgZphVSNkdFgeb6sS/E4OrDIN7t48CAewSHXc6C8lefD8KKfr5vY61brQlow==
  
  encodeurl@~1.0.2:
    version "1.0.2"
    resolved "https://registry.yarnpkg.com/encodeurl/-/encodeurl-1.0.2.tgz#ad3ff4c86ec2d029322f5a02c3a9a606c95b3f59"
    integrity sha512-TPJXq8JqFaVYm2CWmPvnP2Iyo4ZSM7/QKcSmuMLDObfpH5fi7RUGmd/rTDf+rut/saiDiQEeVTNgAmJEdAOx0w==
  
  encodeurl@~2.0.0:
    version "2.0.0"
    resolved "https://registry.yarnpkg.com/encodeurl/-/encodeurl-2.0.0.tgz#7b8ea898077d7e409d3ac45474ea38eaf0857a58"
    integrity sha512-Q0n9HRi4m6JuGIV1eFlmvJB7ZEVxu93IrMyiMsGC0lrMJMWzRgx6WGquyfQgZVb31vhGgXnfmPNNXmxnOkRBrg==
  
  engine.io-parser@~5.2.1:
    version "5.2.3"
    resolved "https://registry.yarnpkg.com/engine.io-parser/-/engine.io-parser-5.2.3.tgz#00dc5b97b1f233a23c9398d0209504cf5f94d92f"
    integrity sha512-HqD3yTBfnBxIrbnM1DoD6Pcq8NECnh8d4As1Qgh0z5Gg3jRRIqijury0CL3ghu/edArpUYiYqQiDUQBIs4np3Q==
  
  engine.io@~6.6.0:
    version "6.6.4"
    resolved "https://registry.yarnpkg.com/engine.io/-/engine.io-6.6.4.tgz#0a89a3e6b6c1d4b0c2a2a637495e7c149ec8d8ee"
    integrity sha512-ZCkIjSYNDyGn0R6ewHDtXgns/Zre/NT6Agvq1/WobF7JXgFff4SeDroKiCO3fNJreU9YG429Sc81o4w5ok/W5g==
    dependencies:
      "@types/cors" "^2.8.12"
      "@types/node" ">=10.0.0"
      accepts "~1.3.4"
      base64id "2.0.0"
      cookie "~0.7.2"
      cors "~2.8.5"
      debug "~4.3.1"
      engine.io-parser "~5.2.1"
      ws "~8.17.1"
  
  enquirer@2.3.6:
    version "2.3.6"
    resolved "https://registry.yarnpkg.com/enquirer/-/enquirer-2.3.6.tgz#2a7fe5dd634a1e4125a975ec994ff5456dc3734d"
    integrity sha512-yjNnPr315/FjS4zIsUxYguYUPP2e1NK4d7E7ZOLiyYCcbFBiTMyID+2wvm2w6+pZ/odMA7cRkjhsPbltwBOrLg==
    dependencies:
      ansi-colors "^4.1.1"
  
  es-define-property@^1.0.1:
    version "1.0.1"
    resolved "https://registry.yarnpkg.com/es-define-property/-/es-define-property-1.0.1.tgz#983eb2f9a6724e9303f61addf011c72e09e0b0fa"
    integrity sha512-e3nRfgfUZ4rNGL232gUgX06QNyyez04KdjFrF+LTRoOXmrOgFKDg4BCdsjW8EnT69eqdYGmRpJwiPVYNrCaW3g==
  
  es-errors@^1.3.0:
    version "1.3.0"
    resolved "https://registry.yarnpkg.com/es-errors/-/es-errors-1.3.0.tgz#05f75a25dab98e4fb1dcd5e1472c0546d5057c8f"
    integrity sha512-Zf5H2Kxt2xjTvbJvP2ZWLEICxA6j+hAmMzIlypy4xcBg1vKVnx89Wy0GbS+kf5cwCVFFzdCFh2XSCFNULS6csw==
  
  es-object-atoms@^1.0.0, es-object-atoms@^1.1.1:
    version "1.1.1"
    resolved "https://registry.yarnpkg.com/es-object-atoms/-/es-object-atoms-1.1.1.tgz#1c4f2c4837327597ce69d2ca190a7fdd172338c1"
    integrity sha512-FGgH2h8zKNim9ljj7dankFPcICIK9Cp5bm+c2gQSYePhpaG5+esrLODihIorn+Pe6FGJzWhXQotPv73jTaldXA==
    dependencies:
      es-errors "^1.3.0"
  
  es-set-tostringtag@^2.1.0:
    version "2.1.0"
    resolved "https://registry.yarnpkg.com/es-set-tostringtag/-/es-set-tostringtag-2.1.0.tgz#f31dbbe0c183b00a6d26eb6325c810c0fd18bd4d"
    integrity sha512-j6vWzfrGVfyXxge+O0x5sh6cvxAog0a/4Rdd2K36zCMV5eJ+/+tOAngRO8cODMNWbVRdVlmGZQL2YS3yR8bIUA==
    dependencies:
      es-errors "^1.3.0"
      get-intrinsic "^1.2.6"
      has-tostringtag "^1.0.2"
      hasown "^2.0.2"
  
  escape-html@~1.0.3:
    version "1.0.3"
    resolved "https://registry.yarnpkg.com/escape-html/-/escape-html-1.0.3.tgz#0258eae4d3d0c0974de1c169188ef0051d1d1988"
    integrity sha512-NiSupZ4OeuGwr68lGIeym/ksIZMJodUGOSCZ/FSnTxcrekbvqrgdUxlJOMpijaKZVjAJrWrGs/6Jy8OMuyj9ow==
  
  escape-string-regexp-node@^1.0.2:
    version "1.0.2"
    resolved "https://registry.yarnpkg.com/escape-string-regexp-node/-/escape-string-regexp-node-1.0.2.tgz#a53eae3cb2ce1dc5cad541750a1db52fecc842d9"
    integrity sha512-tv6v/7vF8ob7vTNPBHJ6cdRGtb9t6wBZJt6ZWzJ5kDacXa3jplof+mmoXYLuEUtFXWw8xwR2wVbT2c20HvVubA==
  
  escape-string-regexp@^4.0.0:
    version "4.0.0"
    resolved "https://registry.yarnpkg.com/escape-string-regexp/-/escape-string-regexp-4.0.0.tgz#14ba83a5d373e3d311e5afca29cf5bfad965bf34"
    integrity sha512-TtpcNJ3XAzx3Gq8sWRzJaVajRs0uVxA2YAkdb1jm2YkPz4G6egUFAyA3n5vtEIZefPk5Wa4UXbKuS5fKkJWdgA==
  
  escape-string-regexp@^5.0.0:
    version "5.0.0"
    resolved "https://registry.yarnpkg.com/escape-string-regexp/-/escape-string-regexp-5.0.0.tgz#4683126b500b61762f2dbebace1806e8be31b1c8"
    integrity sha512-/veY75JbMK4j1yjvuUxuVsiS/hr/4iHs9FTT6cgTexxdE0Ly/glccBAkloH/DofkjRbZU3bnoj38mOmhkZ0lHw==
  
  escodegen@^2.1.0:
    version "2.1.0"
    resolved "https://registry.yarnpkg.com/escodegen/-/escodegen-2.1.0.tgz#ba93bbb7a43986d29d6041f99f5262da773e2e17"
    integrity sha512-2NlIDTwUWJN0mRPQOdtQBzbUHvdGY2P1VXSyU83Q3xKxM7WHX2Ql8dKq782Q9TgQUNOLEzEYu9bzLNj1q88I5w==
    dependencies:
      esprima "^4.0.1"
      estraverse "^5.2.0"
      esutils "^2.0.2"
    optionalDependencies:
      source-map "~0.6.1"
  
  esprima@^4.0.1:
    version "4.0.1"
    resolved "https://registry.yarnpkg.com/esprima/-/esprima-4.0.1.tgz#13b04cdb3e6c5d19df91ab6987a8695619b0aa71"
    integrity sha512-eGuFFw7Upda+g4p+QHvnW0RyTX/SVeJBDM/gCtMARO0cLuT2HcEKnTPvhjV6aGeqrCB/sbNop0Kszm0jsaWU4A==
  
  estraverse@^5.2.0:
    version "5.3.0"
    resolved "https://registry.yarnpkg.com/estraverse/-/estraverse-5.3.0.tgz#2eea5290702f26ab8fe5370370ff86c965d21123"
    integrity sha512-MMdARuVEQziNTeJD8DgMqmhwR11BRQ/cBP+pLtYdSTnf3MIO8fFeiINEbX36ZdNlfU/7A9f3gUw49B3oQsvwBA==
  
  esutils@^2.0.2:
    version "2.0.3"
    resolved "https://registry.yarnpkg.com/esutils/-/esutils-2.0.3.tgz#74d2eb4de0b8da1293711910d50775b9b710ef64"
    integrity sha512-kVscqXk4OCp68SZ0dkgEKVi6/8ij300KBWTJq32P/dYeWTSwK41WyTxalN1eRmA5Z9UU/LX9D7FWSmV9SAYx6g==
  
  etag@~1.8.1:
    version "1.8.1"
    resolved "https://registry.yarnpkg.com/etag/-/etag-1.8.1.tgz#41ae2eeb65efa62268aebfea83ac7d79299b0887"
    integrity sha512-aIL5Fx7mawVa300al2BnEE4iNvo1qETxLrPI/o05L7z6go7fCw1J6EQmbK4FmJ2AS7kgVF/KEZWufBfdClMcPg==
  
  eventemitter2@5.0.1, eventemitter2@~5.0.1:
    version "5.0.1"
    resolved "https://registry.yarnpkg.com/eventemitter2/-/eventemitter2-5.0.1.tgz#6197a095d5fb6b57e8942f6fd7eaad63a09c9452"
    integrity sha512-5EM1GHXycJBS6mauYAbVKT1cVs7POKWb2NXD4Vyt8dDqeZa7LaDK1/sjtL+Zb0lzTpSNil4596Dyu97hz37QLg==
  
  eventemitter2@^6.3.1:
    version "6.4.9"
    resolved "https://registry.yarnpkg.com/eventemitter2/-/eventemitter2-6.4.9.tgz#41f2750781b4230ed58827bc119d293471ecb125"
    integrity sha512-JEPTiaOt9f04oa6NOkc4aH+nVp5I3wEjpHbIPqfgCdD5v5bUzy7xQqwcVO2aDQgOWhI28da57HksMrzK9HlRxg==
  
  eventemitter2@~0.4.14:
    version "0.4.14"
    resolved "https://registry.yarnpkg.com/eventemitter2/-/eventemitter2-0.4.14.tgz#8f61b75cde012b2e9eb284d4545583b5643b61ab"
    integrity sha512-K7J4xq5xAD5jHsGM5ReWXRTFa3JRGofHiMcVgQ8PRwgWxzjHpMWCIzsmyf60+mh8KLsqYPcjUMa0AC4hd6lPyQ==
  
  express-async-handler@^1.2.0:
    version "1.2.0"
    resolved "https://registry.yarnpkg.com/express-async-handler/-/express-async-handler-1.2.0.tgz#ffc9896061d90f8d2e71a2d2b8668db5b0934391"
    integrity sha512-rCSVtPXRmQSW8rmik/AIb2P0op6l7r1fMW538yyvTMltCO4xQEWMmobfrIxN2V1/mVrgxB8Az3reYF6yUZw37w==
  
  express-rate-limit@^6.6.0:
    version "6.11.2"
    resolved "https://registry.yarnpkg.com/express-rate-limit/-/express-rate-limit-6.11.2.tgz#6c42035603d3b52e4e2fb59f6ebaa89e628ef980"
    integrity sha512-a7uwwfNTh1U60ssiIkuLFWHt4hAC5yxlLGU2VP0X4YNlyEDZAqF4tK3GD3NSitVBrCQmQ0++0uOyFOgC2y4DDw==
  
  express@^4.18.2:
    version "4.21.2"
    resolved "https://registry.yarnpkg.com/express/-/express-4.21.2.tgz#cf250e48362174ead6cea4a566abef0162c1ec32"
    integrity sha512-28HqgMZAmih1Czt9ny7qr6ek2qddF4FclbMzwhCREB6OFfH+rXAnuNCwo1/wFvrtbgsQDb4kSbX9de9lFbrXnA==
    dependencies:
      accepts "~1.3.8"
      array-flatten "1.1.1"
      body-parser "1.20.3"
      content-disposition "0.5.4"
      content-type "~1.0.4"
      cookie "0.7.1"
      cookie-signature "1.0.6"
      debug "2.6.9"
      depd "2.0.0"
      encodeurl "~2.0.0"
      escape-html "~1.0.3"
      etag "~1.8.1"
      finalhandler "1.3.1"
      fresh "0.5.2"
      http-errors "2.0.0"
      merge-descriptors "1.0.3"
      methods "~1.1.2"
      on-finished "2.4.1"
      parseurl "~1.3.3"
      path-to-regexp "0.1.12"
      proxy-addr "~2.0.7"
      qs "6.13.0"
      range-parser "~1.2.1"
      safe-buffer "5.2.1"
      send "0.19.0"
      serve-static "1.16.2"
      setprototypeof "1.2.0"
      statuses "2.0.1"
      type-is "~1.6.18"
      utils-merge "1.0.1"
      vary "~1.1.2"
  
  extend@~3.0.2:
    version "3.0.2"
    resolved "https://registry.yarnpkg.com/extend/-/extend-3.0.2.tgz#f8b1136b4071fbd8eb140aff858b1019ec2915fa"
    integrity sha512-fjquC59cD7CyW6urNXK0FBufkZcoiGG80wTuPujX590cB5Ttln20E2UB4S/WARVqhXffZl2LNgS+gQdPIIim/g==
  
  extrareqp2@^1.0.0:
    version "1.0.0"
    resolved "https://registry.yarnpkg.com/extrareqp2/-/extrareqp2-1.0.0.tgz#aaf8ad1495d723f71276b0eab041c061aa21f035"
    integrity sha512-Gum0g1QYb6wpPJCVypWP3bbIuaibcFiJcpuPM10YSXp/tzqi84x9PJageob+eN4xVRIOto4wjSGNLyMD54D2xA==
    dependencies:
      follow-redirects "^1.14.0"
  
  extsprintf@1.3.0:
    version "1.3.0"
    resolved "https://registry.yarnpkg.com/extsprintf/-/extsprintf-1.3.0.tgz#96918440e3041a7a414f8c52e3c574eb3c3e1e05"
    integrity sha512-11Ndz7Nv+mvAC1j0ktTa7fAb0vLyGGX+rMHNBYQviQDGU0Hw7lhctJANqbPhu9nV9/izT/IntTgZ7Im/9LJs9g==
  
  extsprintf@^1.2.0:
    version "1.4.1"
    resolved "https://registry.yarnpkg.com/extsprintf/-/extsprintf-1.4.1.tgz#8d172c064867f235c0c84a596806d279bf4bcc07"
    integrity sha512-Wrk35e8ydCKDj/ArClo1VrPVmN8zph5V4AtHwIuHhvMXsKf73UT3BOD+azBIW+3wOJ4FhEH7zyaJCFvChjYvMA==
  
  fast-deep-equal@^3.1.1:
    version "3.1.3"
    resolved "https://registry.yarnpkg.com/fast-deep-equal/-/fast-deep-equal-3.1.3.tgz#3a7d56b559d6cbc3eb512325244e619a65c6c525"
    integrity sha512-f3qQ9oQy9j2AhBe/H9VC91wLmKBCCU/gDOnKNAYG5hswO7BLKj09Hc5HYNz9cGI++xlpDCIgDaitVs03ATR84Q==
  
  fast-json-patch@^3.0.0-1:
    version "3.1.1"
    resolved "https://registry.yarnpkg.com/fast-json-patch/-/fast-json-patch-3.1.1.tgz#85064ea1b1ebf97a3f7ad01e23f9337e72c66947"
    integrity sha512-vf6IHUX2SBcA+5/+4883dsIjpBTqmfBjmYiWK1savxQmFk4JfBMLa7ynTYOs1Rolp/T1betJxHiGD3g1Mn8lUQ==
  
  fast-json-stable-stringify@^2.0.0:
    version "2.1.0"
    resolved "https://registry.yarnpkg.com/fast-json-stable-stringify/-/fast-json-stable-stringify-2.1.0.tgz#874bf69c6f404c2b5d99c481341399fd55892633"
    integrity sha512-lhd/wF+Lk98HZoTCtlVraHtfh5XYijIjalXck7saUtuanSDyLMxnHhSXEDJqHxD7msR8D0uCmqlkwjCV8xvwHw==
  
  fast-xml-parser@5.2.5:
    version "5.2.5"
    resolved "https://registry.yarnpkg.com/fast-xml-parser/-/fast-xml-parser-5.2.5.tgz#4809fdfb1310494e341098c25cb1341a01a9144a"
    integrity sha512-pfX9uG9Ki0yekDHx2SiuRIyFdyAr1kMIMitPvb0YBo8SUfKvia7w7FIyd/l6av85pFYRhZscS75MwMnbvY+hcQ==
    dependencies:
      strnum "^2.1.0"
  
  fclone@1.0.11, fclone@~1.0.11:
    version "1.0.11"
    resolved "https://registry.yarnpkg.com/fclone/-/fclone-1.0.11.tgz#10e85da38bfea7fc599341c296ee1d77266ee640"
    integrity sha512-GDqVQezKzRABdeqflsgMr7ktzgF9CyS+p2oe0jJqUY6izSSbhPIQJDpoU4PtGcD7VPM9xh/dVrTu6z1nwgmEGw==
  
  fill-range@^7.1.1:
    version "7.1.1"
    resolved "https://registry.yarnpkg.com/fill-range/-/fill-range-7.1.1.tgz#44265d3cac07e3ea7dc247516380643754a05292"
    integrity sha512-YsGpe3WHLK8ZYi4tWDg2Jy3ebRz2rXowDxnld4bkQB00cc/1Zw9AWnC0i9ztDJitivtQvaI9KaLyKrc+hBW0yg==
    dependencies:
      to-regex-range "^5.0.1"
  
  finalhandler@1.3.1:
    version "1.3.1"
    resolved "https://registry.yarnpkg.com/finalhandler/-/finalhandler-1.3.1.tgz#0c575f1d1d324ddd1da35ad7ece3df7d19088019"
    integrity sha512-6BN9trH7bp3qvnrRyzsBz+g3lZxTNZTbVO2EV1CS0WIcDbawYVdYvGflME/9QP0h0pYlCDBCTjYa9nZzMDpyxQ==
    dependencies:
      debug "2.6.9"
      encodeurl "~2.0.0"
      escape-html "~1.0.3"
      on-finished "2.4.1"
      parseurl "~1.3.3"
      statuses "2.0.1"
      unpipe "~1.0.0"
  
  follow-redirects@^1.14.0, follow-redirects@^1.15.6:
    version "1.15.9"
    resolved "https://registry.yarnpkg.com/follow-redirects/-/follow-redirects-1.15.9.tgz#a604fa10e443bf98ca94228d9eebcc2e8a2c8ee1"
    integrity sha512-gew4GsXizNgdoRyqmyfMHyAmXsZDk6mHkSxZFCzW9gwlbtOW44CDtYavM+y+72qD/Vq2l550kMF52DT8fOLJqQ==
  
  forever-agent@~0.6.1:
    version "0.6.1"
    resolved "https://registry.yarnpkg.com/forever-agent/-/forever-agent-0.6.1.tgz#fbc71f0c41adeb37f96c577ad1ed42d8fdacca91"
    integrity sha512-j0KLYPhm6zeac4lz3oJ3o65qvgQCcPubiyotZrXqEaG4hNagNYO8qdlUrX5vwqv9ohqeT/Z3j6+yW067yWWdUw==
  
  form-data@^0.2.0:
    version "0.2.0"
    resolved "https://registry.yarnpkg.com/form-data/-/form-data-0.2.0.tgz#26f8bc26da6440e299cbdcfb69035c4f77a6e466"
    integrity sha512-LkinaG6JazVhYj2AKi67NOIAhqXcBOQACraT0WdhWW4ZO3kTiS0X7C1nJ1jFZf6wak4bVHIA/oOzWkh2ThAipg==
    dependencies:
      async "~0.9.0"
      combined-stream "~0.0.4"
      mime-types "~2.0.3"
  
  form-data@^4.0.4:
    version "4.0.4"
    resolved "https://registry.yarnpkg.com/form-data/-/form-data-4.0.4.tgz#784cdcce0669a9d68e94d11ac4eea98088edd2c4"
    integrity sha512-KrGhL9Q4zjj0kiUt5OO4Mr/A/jlI2jDYs5eHBpYHPcBEVSiipAvn2Ko2HnPe20rmcuuvMHNdZFp+4IlGTMF0Ow==
    dependencies:
      asynckit "^0.4.0"
      combined-stream "^1.0.8"
      es-set-tostringtag "^2.1.0"
      hasown "^2.0.2"
      mime-types "^2.1.12"
  
  form-data@~2.3.2:
    version "2.3.3"
    resolved "https://registry.yarnpkg.com/form-data/-/form-data-2.3.3.tgz#dcce52c05f644f298c6a7ab936bd724ceffbf3a6"
    integrity sha512-1lLKB2Mu3aGP1Q/2eCOx0fNbRMe7XdwktwOruhfqqd0rIJWwN4Dh+E3hrPSlDCXnSR7UtZ1N38rVXm+6+MEhJQ==
    dependencies:
      asynckit "^0.4.0"
      combined-stream "^1.0.6"
      mime-types "^2.1.12"
  
  forwarded@0.2.0:
    version "0.2.0"
    resolved "https://registry.yarnpkg.com/forwarded/-/forwarded-0.2.0.tgz#2269936428aad4c15c7ebe9779a84bf0b2a81811"
    integrity sha512-buRG0fpBtRHSTCOASe6hD258tEubFoRLb4ZNA6NxMVHNw2gOcwHo9wyablzMzOA5z9xA9L1KNjk/Nt6MT9aYow==
  
  fresh@0.5.2:
    version "0.5.2"
    resolved "https://registry.yarnpkg.com/fresh/-/fresh-0.5.2.tgz#3d8cadd90d976569fa835ab1f8e4b23a105605a7"
    integrity sha512-zJ2mQYM18rEFOudeV4GShTGIQ7RbzA7ozbU9I/XBpm7kqgMywgmylMwXHxZJmkVoYkna9d2pVXVXPdYTP9ej8Q==
  
  fsevents@~2.3.2:
    version "2.3.3"
    resolved "https://registry.yarnpkg.com/fsevents/-/fsevents-2.3.3.tgz#cac6407785d03675a2a5e1a5305c697b347d90d6"
    integrity sha512-5xoDfX+fL7faATnagmWPpbFtwh/R77WmMMqqHGS65C3vvB0YHrgF+B1YmZ3441tMj5n63k0212XNoJwzlhffQw==
  
  function-bind@^1.1.2:
    version "1.1.2"
    resolved "https://registry.yarnpkg.com/function-bind/-/function-bind-1.1.2.tgz#2c02d864d97f3ea6c8830c464cbd11ab6eab7a1c"
    integrity sha512-7XHNxH7qX9xG5mIwxkhumTox/MIRNcOgDrxWsMt2pAr23WHp6MrRlN7FBSFpCpr+oVO0F744iUgR82nJMfG2SA==
  
  get-intrinsic@^1.2.5, get-intrinsic@^1.2.6, get-intrinsic@^1.3.0:
    version "1.3.0"
    resolved "https://registry.yarnpkg.com/get-intrinsic/-/get-intrinsic-1.3.0.tgz#743f0e3b6964a93a5491ed1bffaae054d7f98d01"
    integrity sha512-9fSjSaos/fRIVIp+xSJlE6lfwhES7LNtKaCBIamHsjr2na1BiABJPo0mOjjz8GJDURarmCPGqaiVg5mfjb98CQ==
    dependencies:
      call-bind-apply-helpers "^1.0.2"
      es-define-property "^1.0.1"
      es-errors "^1.3.0"
      es-object-atoms "^1.1.1"
      function-bind "^1.1.2"
      get-proto "^1.0.1"
      gopd "^1.2.0"
      has-symbols "^1.1.0"
      hasown "^2.0.2"
      math-intrinsics "^1.1.0"
  
  get-proto@^1.0.1:
    version "1.0.1"
    resolved "https://registry.yarnpkg.com/get-proto/-/get-proto-1.0.1.tgz#150b3f2743869ef3e851ec0c49d15b1d14d00ee1"
    integrity sha512-sTSfBjoXBp89JvIKIefqw7U2CCebsc74kiY6awiGogKtoSGbgjYE/G/+l9sF3MWFPNc9IcoOC4ODfKHfxFmp0g==
    dependencies:
      dunder-proto "^1.0.1"
      es-object-atoms "^1.0.0"
  
  get-uri@^6.0.1:
    version "6.0.5"
    resolved "https://registry.yarnpkg.com/get-uri/-/get-uri-6.0.5.tgz#714892aa4a871db671abc5395e5e9447bc306a16"
    integrity sha512-b1O07XYq8eRuVzBNgJLstU6FYc1tS6wnMtF1I1D9lE8LxZSOGZ7LhxN54yPP6mGw5f2CkXY2BQUL9Fx41qvcIg==
    dependencies:
      basic-ftp "^5.0.2"
      data-uri-to-buffer "^6.0.2"
      debug "^4.3.4"
  
  getpass@^0.1.1:
    version "0.1.7"
    resolved "https://registry.yarnpkg.com/getpass/-/getpass-0.1.7.tgz#5eff8e3e684d569ae4cb2b1282604e8ba62149fa"
    integrity sha512-0fzj9JxOLfJ+XGLhR8ze3unN0KZCgZwiSSDz168VERjK8Wl8kVSdcu2kspd4s4wtAa1y/qrVRiAA0WclVsu0ng==
    dependencies:
      assert-plus "^1.0.0"
  
  git-node-fs@^1.0.0:
    version "1.0.0"
    resolved "https://registry.yarnpkg.com/git-node-fs/-/git-node-fs-1.0.0.tgz#49b215e242ebe43aa4c7561bbba499521752080f"
    integrity sha512-bLQypt14llVXBg0S0u8q8HmU7g9p3ysH+NvVlae5vILuUvs759665HvmR5+wb04KjHyjFcDRxdYb4kyNnluMUQ==
  
  git-sha1@^0.1.2:
    version "0.1.2"
    resolved "https://registry.yarnpkg.com/git-sha1/-/git-sha1-0.1.2.tgz#599ac192b71875825e13a445f3a6e05118c2f745"
    integrity sha512-2e/nZezdVlyCopOCYHeW0onkbZg7xP1Ad6pndPy1rCygeRykefUS6r7oA5cJRGEFvseiaz5a/qUHFVX1dd6Isg==
  
  glob-parent@~5.1.2:
    version "5.1.2"
    resolved "https://registry.yarnpkg.com/glob-parent/-/glob-parent-5.1.2.tgz#869832c58034fe68a4093c17dc15e8340d8401c4"
    integrity sha512-AOIgSQCepiJYwP3ARnGx+5VnTu2HBYdzbGP45eLw1vr3zB3vZLeyed1sC9hnbcOc9/SrMyM5RPQrkGz4aS9Zow==
    dependencies:
      is-glob "^4.0.1"
  
  gopd@^1.2.0:
    version "1.2.0"
    resolved "https://registry.yarnpkg.com/gopd/-/gopd-1.2.0.tgz#89f56b8217bdbc8802bd299df6d7f1081d7e51a1"
    integrity sha512-ZUKRh6/kUFoAiTAtTYPZJ3hw9wNxx+BIBOijnlG9PnrJsCcSjs1wyyD6vJpaYtgnzDrKYRSqf3OO6Rfa93xsRg==
  
  har-schema@^2.0.0:
    version "2.0.0"
    resolved "https://registry.yarnpkg.com/har-schema/-/har-schema-2.0.0.tgz#a94c2224ebcac04782a0d9035521f24735b7ec92"
    integrity sha512-Oqluz6zhGX8cyRaTQlFMPw80bSJVG2x/cFb8ZPhUILGgHka9SsokCCOQgpveePerqidZOrT14ipqfJb7ILcW5Q==
  
  har-validator@~5.1.3:
    version "5.1.5"
    resolved "https://registry.yarnpkg.com/har-validator/-/har-validator-5.1.5.tgz#1f0803b9f8cb20c0fa13822df1ecddb36bde1efd"
    integrity sha512-nmT2T0lljbxdQZfspsno9hgrG3Uir6Ks5afism62poxqBM6sDnMEuPmzTq8XN0OEwqKLLdh1jQI3qyE66Nzb3w==
    dependencies:
      ajv "^6.12.3"
      har-schema "^2.0.0"
  
  has-flag@^3.0.0:
    version "3.0.0"
    resolved "https://registry.yarnpkg.com/has-flag/-/has-flag-3.0.0.tgz#b5d454dc2199ae225699f3467e5a07f3b955bafd"
    integrity sha512-sKJf1+ceQBr4SMkvQnBDNDtf4TXpVhVGateu0t918bl30FnbE2m4vNLX+VWe/dpjlb+HugGYzW7uQXH98HPEYw==
  
  has-flag@^4.0.0:
    version "4.0.0"
    resolved "https://registry.yarnpkg.com/has-flag/-/has-flag-4.0.0.tgz#944771fd9c81c81265c4d6941860da06bb59479b"
    integrity sha512-EykJT/Q1KjTWctppgIAgfSO0tKVuZUjhgMr17kqTumMl6Afv3EISleU7qZUzoXDFTAHTDC4NOoG/ZxU3EvlMPQ==
  
  has-symbols@^1.0.3, has-symbols@^1.1.0:
    version "1.1.0"
    resolved "https://registry.yarnpkg.com/has-symbols/-/has-symbols-1.1.0.tgz#fc9c6a783a084951d0b971fe1018de813707a338"
    integrity sha512-1cDNdwJ2Jaohmb3sg4OmKaMBwuC48sYni5HUw2DvsC8LjGTLK9h+eb1X6RyuOHe4hT0ULCW68iomhjUoKUqlPQ==
  
  has-tostringtag@^1.0.2:
    version "1.0.2"
    resolved "https://registry.yarnpkg.com/has-tostringtag/-/has-tostringtag-1.0.2.tgz#2cdc42d40bef2e5b4eeab7c01a73c54ce7ab5abc"
    integrity sha512-NqADB8VjPFLM2V0VvHUewwwsw0ZWBaIdgo+ieHtK3hasLz4qeCRjYcqfB6AQrBggRKppKF8L52/VqdVsO47Dlw==
    dependencies:
      has-symbols "^1.0.3"
  
  hasown@^2.0.2:
    version "2.0.2"
    resolved "https://registry.yarnpkg.com/hasown/-/hasown-2.0.2.tgz#003eaf91be7adc372e84ec59dc37252cedb80003"
    integrity sha512-0hJU9SCPvmMzIBdZFqNPXWa6dqh7WdH0cII9y+CyS8rG3nL48Bclra9HmKhVVUHyPWNH5Y7xDwAB7bfgSjkUMQ==
    dependencies:
      function-bind "^1.1.2"
  
  http-errors@2.0.0:
    version "2.0.0"
    resolved "https://registry.yarnpkg.com/http-errors/-/http-errors-2.0.0.tgz#b7774a1486ef73cf7667ac9ae0858c012c57b9d3"
    integrity sha512-FtwrG/euBzaEjYeRqOgly7G0qviiXoJWnvEH2Z1plBdXgbyjv34pHTSb9zoeHMyDy33+DWy5Wt9Wo+TURtOYSQ==
    dependencies:
      depd "2.0.0"
      inherits "2.0.4"
      setprototypeof "1.2.0"
      statuses "2.0.1"
      toidentifier "1.0.1"
  
  http-proxy-agent@^7.0.0:
    version "7.0.2"
    resolved "https://registry.yarnpkg.com/http-proxy-agent/-/http-proxy-agent-7.0.2.tgz#9a8b1f246866c028509486585f62b8f2c18c270e"
    integrity sha512-T1gkAiYYDWYx3V5Bmyu7HcfcvL7mUrTWiM6yOfa3PIphViJ/gFPbvidQ+veqSOHci/PxBcDabeUNCzpOODJZig==
    dependencies:
      agent-base "^7.1.0"
      debug "^4.3.4"
  
  http-signature@~1.2.0:
    version "1.2.0"
    resolved "https://registry.yarnpkg.com/http-signature/-/http-signature-1.2.0.tgz#9aecd925114772f3d95b65a60abb8f7c18fbace1"
    integrity sha512-CAbnr6Rz4CYQkLYUtSNXxQPUH2gK8f3iWexVlsnMeD+GjlsQ0Xsy1cOX+mN3dtxYomRy21CiOzU8Uhw6OwncEQ==
    dependencies:
      assert-plus "^1.0.0"
      jsprim "^1.2.2"
      sshpk "^1.7.0"
  
  https-proxy-agent@^7.0.2, https-proxy-agent@^7.0.6:
    version "7.0.6"
    resolved "https://registry.yarnpkg.com/https-proxy-agent/-/https-proxy-agent-7.0.6.tgz#da8dfeac7da130b05c2ba4b59c9b6cd66611a6b9"
    integrity sha512-vK9P5/iUfdl95AI+JVyUuIcVtd4ofvtrOr3HNtM2yxC9bnMbEdp3x01OhQNnjb8IJYi38VlTE3mBXwcfvywuSw==
    dependencies:
      agent-base "^7.1.2"
      debug "4"
  
  iconv-lite@0.4.24, iconv-lite@^0.4.4:
    version "0.4.24"
    resolved "https://registry.yarnpkg.com/iconv-lite/-/iconv-lite-0.4.24.tgz#2022b4b25fbddc21d2f524974a474aafe733908b"
    integrity sha512-v3MXnZAcvnywkTUEZomIActle7RXXeedOR31wwl7VlyoXO4Qi9arvSenNQWne1TcRwhCL1HwLI21bEqdpj8/rA==
    dependencies:
      safer-buffer ">= 2.1.2 < 3"
  
  ieee754@^1.1.13:
    version "1.2.1"
    resolved "https://registry.yarnpkg.com/ieee754/-/ieee754-1.2.1.tgz#8eb7a10a63fff25d15a57b001586d177d1b0d352"
    integrity sha512-dcyqhDvX1C46lXZcVqCpK+FtMRQVdIMN6/Df5js2zouUsqG7I6sFxitIC+7KYK29KdXOLHdu9zL4sFnoVQnqaA==
  
  ignore-by-default@^1.0.1:
    version "1.0.1"
    resolved "https://registry.yarnpkg.com/ignore-by-default/-/ignore-by-default-1.0.1.tgz#48ca6d72f6c6a3af00a9ad4ae6876be3889e2b09"
    integrity sha512-Ius2VYcGNk7T90CppJqcIkS5ooHUZyIQK+ClZfMfMNFEF9VSE73Fq+906u/CWu92x4gzZMWOwfFYckPObzdEbA==
  
  inherits@2.0.4, inherits@^2.0.3:
    version "2.0.4"
    resolved "https://registry.yarnpkg.com/inherits/-/inherits-2.0.4.tgz#0fa2c64f932917c3433a0ded55363aae37416b7c"
    integrity sha512-k/vGaX4/Yla3WzyMCvTQOXYeIHvqOKtnqBduzTHpzpQZzAskKMhZ2K+EnBiSM9zGSoIFeMpXKxa4dYeZIQqewQ==
  
  ini@^1.3.5:
    version "1.3.8"
    resolved "https://registry.yarnpkg.com/ini/-/ini-1.3.8.tgz#a29da425b48806f34767a4efce397269af28432c"
    integrity sha512-JV/yugV2uzW5iMRSiZAyDtQd+nxtUnjeLt0acNdw98kKLrvuRVyB80tsREOE7yvGVgalhZ6RNXCmEHkUKBKxew==
  
  ip-address@^9.0.5:
    version "9.0.5"
    resolved "https://registry.yarnpkg.com/ip-address/-/ip-address-9.0.5.tgz#117a960819b08780c3bd1f14ef3c1cc1d3f3ea5a"
    integrity sha512-zHtQzGojZXTwZTHQqra+ETKd4Sn3vgi7uBmlPoXVWZqYvuKmtI0l/VZTjqGmJY9x88GGOaZ9+G9ES8hC4T4X8g==
    dependencies:
      jsbn "1.1.0"
      sprintf-js "^1.1.3"
  
  ipaddr.js@1.9.1:
    version "1.9.1"
    resolved "https://registry.yarnpkg.com/ipaddr.js/-/ipaddr.js-1.9.1.tgz#bff38543eeb8984825079ff3a2a8e6cbd46781b3"
    integrity sha512-0KI/607xoxSToH7GjN1FfSbLoU0+btTicjsQSWQlh/hZykN8KpmMf7uYwPW3R+akZ6R/w18ZlXSHBYXiYUPO3g==
  
  is-binary-path@~2.1.0:
    version "2.1.0"
    resolved "https://registry.yarnpkg.com/is-binary-path/-/is-binary-path-2.1.0.tgz#ea1f7f3b80f064236e83470f86c09c254fb45b09"
    integrity sha512-ZMERYes6pDydyuGidse7OsHxtbI7WVeUEozgR/g7rd0xUimYNlvZRE/K2MgZTjWy725IfelLeVcEM97mmtRGXw==
    dependencies:
      binary-extensions "^2.0.0"
  
  is-core-module@^2.16.0:
    version "2.16.1"
    resolved "https://registry.yarnpkg.com/is-core-module/-/is-core-module-2.16.1.tgz#2a98801a849f43e2add644fbb6bc6229b19a4ef4"
    integrity sha512-UfoeMA6fIJ8wTYFEUjelnaGI67v6+N7qXJEvQuIGa99l4xsCruSYOVSQ0uPANn4dAzm8lkYPaKLrrijLq7x23w==
    dependencies:
      hasown "^2.0.2"
  
  is-extglob@^2.1.1:
    version "2.1.1"
    resolved "https://registry.yarnpkg.com/is-extglob/-/is-extglob-2.1.1.tgz#a88c02535791f02ed37c76a1b9ea9773c833f8c2"
    integrity sha512-SbKbANkN603Vi4jEZv49LeVJMn4yGwsbzZworEoyEiutsN3nJYdbO36zfhGJ6QEDpOZIFkDtnq5JRxmvl3jsoQ==
  
  is-glob@^4.0.1, is-glob@~4.0.1:
    version "4.0.3"
    resolved "https://registry.yarnpkg.com/is-glob/-/is-glob-4.0.3.tgz#64f61e42cbbb2eec2071a9dac0b28ba1e65d5084"
    integrity sha512-xelSayHH36ZgE7ZWhli7pW34hNbNl8Ojv5KVmkJD4hBdD3th8Tfk9vYasLM+mXWOZhFkgZfxhLSnrwRr4elSSg==
    dependencies:
      is-extglob "^2.1.1"
  
  is-number@^7.0.0:
    version "7.0.0"
    resolved "https://registry.yarnpkg.com/is-number/-/is-number-7.0.0.tgz#7535345b896734d5f80c4d06c50955527a14f12b"
    integrity sha512-41Cifkg6e8TylSpdtTpeLVMqvSBEVzTttHvERD741+pnZ8ANv0004MRL43QKPDlK9cGvNp6NZWZUBlbGXYxxng==
  
  is-typedarray@~1.0.0:
    version "1.0.0"
    resolved "https://registry.yarnpkg.com/is-typedarray/-/is-typedarray-1.0.0.tgz#e479c80858df0c1b11ddda6940f96011fcda4a9a"
    integrity sha512-cyA56iCMHAh5CdzjJIa4aohJyeO1YbwLi3Jc35MmRU6poroFjIGZzUzupGiRPOjgHg9TLu43xbpwXk523fMxKA==
  
  isstream@~0.1.2:
    version "0.1.2"
    resolved "https://registry.yarnpkg.com/isstream/-/isstream-0.1.2.tgz#47e63f7af55afa6f92e1500e690eb8b8529c099a"
    integrity sha512-Yljz7ffyPbrLpLngrMtZ7NduUgVvi6wG9RJ9IUcyCd59YQ911PBJphODUcbOVbqYfxe1wuYf/LJ8PauMRwsM/g==
  
  js-git@^0.7.8:
    version "0.7.8"
    resolved "https://registry.yarnpkg.com/js-git/-/js-git-0.7.8.tgz#52fa655ab61877d6f1079efc6534b554f31e5444"
    integrity sha512-+E5ZH/HeRnoc/LW0AmAyhU+mNcWBzAKE+30+IDMLSLbbK+Tdt02AdkOKq9u15rlJsDEGFqtgckc8ZM59LhhiUA==
    dependencies:
      bodec "^0.1.0"
      culvert "^0.1.2"
      git-sha1 "^0.1.2"
      pako "^0.2.5"
  
  js-yaml@~4.1.0:
    version "4.1.0"
    resolved "https://registry.yarnpkg.com/js-yaml/-/js-yaml-4.1.0.tgz#c1fb65f8f5017901cdd2c951864ba18458a10602"
    integrity sha512-wpxZs9NoxZaJESJGIZTyDEaYpl0FKSA+FB9aJiyemKhMwkxQg63h4T1KJgUGHpTqPDNRcmmYLugrRjJlBtWvRA==
    dependencies:
      argparse "^2.0.1"
  
  jsbn@1.1.0:
    version "1.1.0"
    resolved "https://registry.yarnpkg.com/jsbn/-/jsbn-1.1.0.tgz#b01307cb29b618a1ed26ec79e911f803c4da0040"
    integrity sha512-4bYVV3aAMtDTTu4+xsDYa6sy9GyJ69/amsu9sYF2zqjiEoZA5xJi3BrfX3uY+/IekIu7MwdObdbDWpoZdBv3/A==
  
  jsbn@~0.1.0:
    version "0.1.1"
    resolved "https://registry.yarnpkg.com/jsbn/-/jsbn-0.1.1.tgz#a5e654c2e5a2deb5f201d96cefbca80c0ef2f513"
    integrity sha512-UVU9dibq2JcFWxQPA6KCqj5O42VOmAY3zQUfEKxU0KpTGXwNoCjkX1e13eHNvw/xPynt6pU0rZ1htjWTNTSXsg==
  
  json-schema-traverse@^0.4.1:
    version "0.4.1"
    resolved "https://registry.yarnpkg.com/json-schema-traverse/-/json-schema-traverse-0.4.1.tgz#69f6a87d9513ab8bb8fe63bdb0979c448e684660"
    integrity sha512-xbbCH5dCYU5T8LcEhhuh7HJ88HXuW3qsI3Y0zOZFKfZEHcpWiHU/Jxzk629Brsab/mMiHQti9wMP+845RPe3Vg==
  
  json-schema@0.4.0:
    version "0.4.0"
    resolved "https://registry.yarnpkg.com/json-schema/-/json-schema-0.4.0.tgz#f7de4cf6efab838ebaeb3236474cbba5a1930ab5"
    integrity sha512-es94M3nTIfsEPisRafak+HDLfHXnKBhV3vU5eqPcS3flIWqcxJWgXHXiey3YrpaNsanY5ei1VoYEbOzijuq9BA==
  
  json-stringify-safe@^5.0.1, json-stringify-safe@~5.0.1:
    version "5.0.1"
    resolved "https://registry.yarnpkg.com/json-stringify-safe/-/json-stringify-safe-5.0.1.tgz#1296a2d58fd45f19a0f6ce01d65701e2c735b6eb"
    integrity sha512-ZClg6AaYvamvYEE82d3Iyd3vSSIjQ+odgjaTzRuO3s7toCdFKczob2i0zCh7JE8kWn17yvAWhUVxvqGwUalsRA==
  
  jsonwebtoken@^8.5.1:
    version "8.5.1"
    resolved "https://registry.yarnpkg.com/jsonwebtoken/-/jsonwebtoken-8.5.1.tgz#00e71e0b8df54c2121a1f26137df2280673bcc0d"
    integrity sha512-XjwVfRS6jTMsqYs0EsuJ4LGxXV14zQybNd4L2r0UvbVnSF9Af8x7p5MzbJ90Ioz/9TI41/hTCvznF/loiSzn8w==
    dependencies:
      jws "^3.2.2"
      lodash.includes "^4.3.0"
      lodash.isboolean "^3.0.3"
      lodash.isinteger "^4.0.4"
      lodash.isnumber "^3.0.3"
      lodash.isplainobject "^4.0.6"
      lodash.isstring "^4.0.1"
      lodash.once "^4.0.0"
      ms "^2.1.1"
      semver "^5.6.0"
  
  jsprim@^1.2.2:
    version "1.4.2"
    resolved "https://registry.yarnpkg.com/jsprim/-/jsprim-1.4.2.tgz#712c65533a15c878ba59e9ed5f0e26d5b77c5feb"
    integrity sha512-P2bSOMAc/ciLz6DzgjVlGJP9+BrJWu5UDGK70C2iweC5QBIeFf0ZXRvGjEj2uYgrY2MkAAhsSWHDWlFtEroZWw==
    dependencies:
      assert-plus "1.0.0"
      extsprintf "1.3.0"
      json-schema "0.4.0"
      verror "1.10.0"
  
  jwa@^1.4.1:
    version "1.4.2"
    resolved "https://registry.yarnpkg.com/jwa/-/jwa-1.4.2.tgz#16011ac6db48de7b102777e57897901520eec7b9"
    integrity sha512-eeH5JO+21J78qMvTIDdBXidBd6nG2kZjg5Ohz/1fpa28Z4CcsWUzJ1ZZyFq/3z3N17aZy+ZuBoHljASbL1WfOw==
    dependencies:
      buffer-equal-constant-time "^1.0.1"
      ecdsa-sig-formatter "1.0.11"
      safe-buffer "^5.0.1"
  
  jws@^3.2.2:
    version "3.2.2"
    resolved "https://registry.yarnpkg.com/jws/-/jws-3.2.2.tgz#001099f3639468c9414000e99995fa52fb478304"
    integrity sha512-YHlZCB6lMTllWDtSPHz/ZXTsi8S00usEV6v1tjq8tOUZzw7DpSDWVXjXDre6ed1w/pd495ODpHZYSdkRTsa0HA==
    dependencies:
      jwa "^1.4.1"
      safe-buffer "^5.0.1"
  
  kareem@2.5.1:
    version "2.5.1"
    resolved "https://registry.yarnpkg.com/kareem/-/kareem-2.5.1.tgz#7b8203e11819a8e77a34b3517d3ead206764d15d"
    integrity sha512-7jFxRVm+jD+rkq3kY0iZDJfsO2/t4BBPeEb2qKn2lR/9KhuksYk5hxzfRYWMPV8P/x2d0kHD306YyWLzjjH+uA==
  
  lazy@~1.0.11:
    version "1.0.11"
    resolved "https://registry.yarnpkg.com/lazy/-/lazy-1.0.11.tgz#daa068206282542c088288e975c297c1ae77b690"
    integrity sha512-Y+CjUfLmIpoUCCRl0ub4smrYtGGr5AOa2AKOaWelGHOGz33X/Y/KizefGqbkwfz44+cnq/+9habclf8vOmu2LA==
  
  lodash.includes@^4.3.0:
    version "4.3.0"
    resolved "https://registry.yarnpkg.com/lodash.includes/-/lodash.includes-4.3.0.tgz#60bb98a87cb923c68ca1e51325483314849f553f"
    integrity sha512-W3Bx6mdkRTGtlJISOvVD/lbqjTlPPUDTMnlXZFnVwi9NKJ6tiAk6LVdlhZMm17VZisqhKcgzpO5Wz91PCt5b0w==
  
  lodash.isboolean@^3.0.3:
    version "3.0.3"
    resolved "https://registry.yarnpkg.com/lodash.isboolean/-/lodash.isboolean-3.0.3.tgz#6c2e171db2a257cd96802fd43b01b20d5f5870f6"
    integrity sha512-Bz5mupy2SVbPHURB98VAcw+aHh4vRV5IPNhILUCsOzRmsTmSQ17jIuqopAentWoehktxGd9e/hbIXq980/1QJg==
  
  lodash.isinteger@^4.0.4:
    version "4.0.4"
    resolved "https://registry.yarnpkg.com/lodash.isinteger/-/lodash.isinteger-4.0.4.tgz#619c0af3d03f8b04c31f5882840b77b11cd68343"
    integrity sha512-DBwtEWN2caHQ9/imiNeEA5ys1JoRtRfY3d7V9wkqtbycnAmTvRRmbHKDV4a0EYc678/dia0jrte4tjYwVBaZUA==
  
  lodash.isnumber@^3.0.3:
    version "3.0.3"
    resolved "https://registry.yarnpkg.com/lodash.isnumber/-/lodash.isnumber-3.0.3.tgz#3ce76810c5928d03352301ac287317f11c0b1ffc"
    integrity sha512-QYqzpfwO3/CWf3XP+Z+tkQsfaLL/EnUlXWVkIk5FUPc4sBdTehEqZONuyRt2P67PXAk+NXmTBcc97zw9t1FQrw==
  
  lodash.isplainobject@^4.0.6:
    version "4.0.6"
    resolved "https://registry.yarnpkg.com/lodash.isplainobject/-/lodash.isplainobject-4.0.6.tgz#7c526a52d89b45c45cc690b88163be0497f550cb"
    integrity sha512-oSXzaWypCMHkPC3NvBEaPHf0KsA5mvPrOPgQWDsbg8n7orZ290M0BmC/jgRZ4vcJ6DTAhjrsSYgdsW/F+MFOBA==
  
  lodash.isstring@^4.0.1:
    version "4.0.1"
    resolved "https://registry.yarnpkg.com/lodash.isstring/-/lodash.isstring-4.0.1.tgz#d527dfb5456eca7cc9bb95d5daeaf88ba54a5451"
    integrity sha512-0wJxfxH1wgO3GrbuP+dTTk7op+6L41QCXbGINEmD+ny/G/eCqGzxyCsh7159S+mgDDcoarnBw6PC1PS5+wUGgw==
  
  lodash.once@^4.0.0:
    version "4.1.1"
    resolved "https://registry.yarnpkg.com/lodash.once/-/lodash.once-4.1.1.tgz#0dd3971213c7c56df880977d504c88fb471a97ac"
    integrity sha512-Sb487aTOCr9drQVL8pIxOzVhafOjZN9UU54hiN8PU3uAiSV7lx1yYNpbNmex2PK6dSJoNTSJUUswT651yww3Mg==
  
  lodash@^4.17.14, lodash@^4.17.20, lodash@^4.17.21:
    version "4.17.21"
    resolved "https://registry.yarnpkg.com/lodash/-/lodash-4.17.21.tgz#679591c564c3bffaae8454cf0b3df370c3d6911c"
    integrity sha512-v2kDEe57lecTulaDIuNTPy3Ry4gLGJ6Z1O3vE1krgXZNrsQ+LFTGHVxVjcXPs17LhbZVGedAJv8XZ1tvj5FvSg==
  
  lru-cache@^6.0.0:
    version "6.0.0"
    resolved "https://registry.yarnpkg.com/lru-cache/-/lru-cache-6.0.0.tgz#6d6fe6570ebd96aaf90fcad1dafa3b2566db3a94"
    integrity sha512-Jo6dJ04CmSjuznwJSS3pUeWmd/H0ffTlkXXgwZi+eq1UCmqQwCh+eLsYOYCwY991i2Fah4h1BEMCx4qThGbsiA==
    dependencies:
      yallist "^4.0.0"
  
  lru-cache@^7.14.1:
    version "7.18.3"
    resolved "https://registry.yarnpkg.com/lru-cache/-/lru-cache-7.18.3.tgz#f793896e0fd0e954a59dfdd82f0773808df6aa89"
    integrity sha512-jumlc0BIUrS3qJGgIkWZsyfAM7NCWiBcCDhnd+3NNM5KbBmLTgHVfWBcg6W+rLUsIpzpERPsvwUP7CckAQSOoA==
  
  math-intrinsics@^1.1.0:
    version "1.1.0"
    resolved "https://registry.yarnpkg.com/math-intrinsics/-/math-intrinsics-1.1.0.tgz#a0dd74be81e2aa5c2f27e65ce283605ee4e2b7f9"
    integrity sha512-/IXtbwEk5HTPyEwyKX6hGkYXxM9nbj64B+ilVJnC/R6B0pH5G4V3b0pVbL7DBj4tkhBAppbQUlf6F6Xl9LHu1g==
  
  media-typer@0.3.0:
    version "0.3.0"
    resolved "https://registry.yarnpkg.com/media-typer/-/media-typer-0.3.0.tgz#8710d7af0aa626f8fffa1ce00168545263255748"
    integrity sha512-dq+qelQ9akHpcOl/gUVRTxVIOkAJ1wR3QAvb4RsVjS8oVoFjDGTc679wJYmUmknUF5HwMLOgb5O+a3KxfWapPQ==
  
  memory-pager@^1.0.2:
    version "1.5.0"
    resolved "https://registry.yarnpkg.com/memory-pager/-/memory-pager-1.5.0.tgz#d8751655d22d384682741c972f2c3d6dfa3e66b5"
    integrity sha512-ZS4Bp4r/Zoeq6+NLJpP+0Zzm0pR8whtGPf1XExKLJBAczGMnSi3It14OiNCStjQjM6NU1okjQGSxgEZN8eBYKg==
  
  merge-descriptors@1.0.3:
    version "1.0.3"
    resolved "https://registry.yarnpkg.com/merge-descriptors/-/merge-descriptors-1.0.3.tgz#d80319a65f3c7935351e5cfdac8f9318504dbed5"
    integrity sha512-gaNvAS7TZ897/rVaZ0nMtAyxNyi/pdbjbAwUpFQpN70GqnVfOiXpeUUMKRBmzXaSQ8DdTX4/0ms62r2K+hE6mQ==
  
  methods@~1.1.2:
    version "1.1.2"
    resolved "https://registry.yarnpkg.com/methods/-/methods-1.1.2.tgz#5529a4d67654134edcc5266656835b0f851afcee"
    integrity sha512-iclAHeNqNm68zFtnZ0e+1L2yUIdvzNoauKU4WBA3VvH/vPFieF7qfRlwUZU+DA9P9bPXIS90ulxoUoCH23sV2w==
  
  mime-db@1.52.0:
    version "1.52.0"
    resolved "https://registry.yarnpkg.com/mime-db/-/mime-db-1.52.0.tgz#bbabcdc02859f4987301c856e3387ce5ec43bf70"
    integrity sha512-sPU4uV7dYlvtWJxwwxHD0PuihVNiE7TyAbQ5SWxDCB9mUYvOgroQOwYQQOKPJ8CIbE+1ETVlOoK1UC2nU3gYvg==
  
  mime-db@~1.12.0:
    version "1.12.0"
    resolved "https://registry.yarnpkg.com/mime-db/-/mime-db-1.12.0.tgz#3d0c63180f458eb10d325aaa37d7c58ae312e9d7"
    integrity sha512-5aMAW7I4jZoZB27fXRuekqc4DVvJ7+hM8UcWrNj2mqibE54gXgPSonBYBdQW5hyaVNGmiYjY0ZMqn9fBefWYvA==
  
  mime-types@^2.1.12, mime-types@~2.1.19, mime-types@~2.1.24, mime-types@~2.1.34:
    version "2.1.35"
    resolved "https://registry.yarnpkg.com/mime-types/-/mime-types-2.1.35.tgz#381a871b62a734450660ae3deee44813f70d959a"
    integrity sha512-ZDY+bPm5zTTF+YpCrAU9nK0UgICYPT0QtT1NZWFv4s++TNkcgVaT0g6+4R2uI4MjQjzysHB1zxuWL50hzaeXiw==
    dependencies:
      mime-db "1.52.0"
  
  mime-types@~2.0.3:
    version "2.0.14"
    resolved "https://registry.yarnpkg.com/mime-types/-/mime-types-2.0.14.tgz#310e159db23e077f8bb22b748dabfa4957140aa6"
    integrity sha512-2ZHUEstNkIf2oTWgtODr6X0Cc4Ns/RN/hktdozndiEhhAC2wxXejF1FH0XLHTEImE9h6gr/tcnr3YOnSGsxc7Q==
    dependencies:
      mime-db "~1.12.0"
  
  mime@1.6.0:
    version "1.6.0"
    resolved "https://registry.yarnpkg.com/mime/-/mime-1.6.0.tgz#32cd9e5c64553bd58d19a568af452acff04981b1"
    integrity sha512-x0Vn8spI+wuJ1O6S7gnbaQg8Pxh4NNHb7KSINmEWKiPE4RKOplvijn+NkmYmmRgP68mc70j2EbeTFRsrswaQeg==
  
  mime@^2.4.0:
    version "2.6.0"
    resolved "https://registry.yarnpkg.com/mime/-/mime-2.6.0.tgz#a2a682a95cd4d0cb1d6257e28f83da7e35800367"
    integrity sha512-USPkMeET31rOMiarsBNIHZKLGgvKc/LrjofAnBlOttf5ajRvqiRA8QsenbcooctK6d6Ts6aqZXBA+XbkKthiQg==
  
  minimatch@^3.1.2:
    version "3.1.2"
    resolved "https://registry.yarnpkg.com/minimatch/-/minimatch-3.1.2.tgz#19cd194bfd3e428f049a70817c038d89ab4be35b"
    integrity sha512-J7p63hRiAjw1NDEww1W7i37+ByIrOWO5XQQAzZ3VOcL0PNybwpfmV/N05zFAzwQ9USyEcX6t3UO+K5aqBQOIHw==
    dependencies:
      brace-expansion "^1.1.7"
  
  minimist@^1.2.6:
    version "1.2.8"
    resolved "https://registry.yarnpkg.com/minimist/-/minimist-1.2.8.tgz#c1a464e7693302e082a075cee0c057741ac4772c"
    integrity sha512-2yyAR8qBkN3YuheJanUpWC5U3bb5osDywNB8RzDVlDwDHbocAJveqqj1u8+SVD7jkWT4yvsHCpWqqWqAxb0zCA==
  
  mkdirp@1.0.4:
    version "1.0.4"
    resolved "https://registry.yarnpkg.com/mkdirp/-/mkdirp-1.0.4.tgz#3eb5ed62622756d79a5f0e2a221dfebad75c2f7e"
    integrity sha512-vVqVZQyf3WLx2Shd0qJ9xuvqgAyKPLAiqITEtqW0oIUjzo3PePDd6fW9iFz30ef7Ysp/oiWqbhszeGWW2T6Gzw==
  
  mkdirp@^0.5.6:
    version "0.5.6"
    resolved "https://registry.yarnpkg.com/mkdirp/-/mkdirp-0.5.6.tgz#7def03d2432dcae4ba1d611445c48396062255f6"
    integrity sha512-FP+p8RB8OWpF3YZBCrP5gtADmtXApB5AMLn+vdyA+PyxCjrCs00mjyUozssO33cwDeT3wNGdLxJ5M//YqtHAJw==
    dependencies:
      minimist "^1.2.6"
  
  module-details-from-path@^1.0.3:
    version "1.0.4"
    resolved "https://registry.yarnpkg.com/module-details-from-path/-/module-details-from-path-1.0.4.tgz#b662fdcd93f6c83d3f25289da0ce81c8d9685b94"
    integrity sha512-EGWKgxALGMgzvxYF1UyGTy0HXX/2vHLkw6+NvDKW2jypWbHpjQuj4UMcqQWXHERJhVGKikolT06G3bcKe4fi7w==
  
  moment-timezone@^0.5.45:
    version "0.5.48"
    resolved "https://registry.yarnpkg.com/moment-timezone/-/moment-timezone-0.5.48.tgz#111727bb274734a518ae154b5ca589283f058967"
    integrity sha512-f22b8LV1gbTO2ms2j2z13MuPogNoh5UzxL3nzNAYKGraILnbGc9NEE6dyiiiLv46DGRb8A4kg8UKWLjPthxBHw==
    dependencies:
      moment "^2.29.4"
  
  moment@^2.29.4, moment@^2.30.1:
    version "2.30.1"
    resolved "https://registry.yarnpkg.com/moment/-/moment-2.30.1.tgz#f8c91c07b7a786e30c59926df530b4eac96974ae"
    integrity sha512-uEmtNhbDOrWPFS+hdjFCBfy9f2YoyzRpwcl+DqpC6taX21FzsTLQVbMV/W7PzNSX6x/bhC1zA3c2UQ5NzH6how==
  
  mongodb-connection-string-url@^2.6.0:
    version "2.6.0"
    resolved "https://registry.yarnpkg.com/mongodb-connection-string-url/-/mongodb-connection-string-url-2.6.0.tgz#57901bf352372abdde812c81be47b75c6b2ec5cf"
    integrity sha512-WvTZlI9ab0QYtTYnuMLgobULWhokRjtC7db9LtcVfJ+Hsnyr5eo6ZtNAt3Ly24XZScGMelOcGtm7lSn0332tPQ==
    dependencies:
      "@types/whatwg-url" "^8.2.1"
      whatwg-url "^11.0.0"
  
  mongodb@4.17.2:
    version "4.17.2"
    resolved "https://registry.yarnpkg.com/mongodb/-/mongodb-4.17.2.tgz#237c0534e36a3449bd74c6bf6d32f87a1ca7200c"
    integrity sha512-mLV7SEiov2LHleRJPMPrK2PMyhXFZt2UQLC4VD4pnth3jMjYKHhtqfwwkkvS/NXuo/Fp3vbhaNcXrIDaLRb9Tg==
    dependencies:
      bson "^4.7.2"
      mongodb-connection-string-url "^2.6.0"
      socks "^2.7.1"
    optionalDependencies:
      "@aws-sdk/credential-providers" "^3.186.0"
      "@mongodb-js/saslprep" "^1.1.0"
  
  mongoose-sequence@^5.3.1:
    version "5.3.1"
    resolved "https://registry.yarnpkg.com/mongoose-sequence/-/mongoose-sequence-5.3.1.tgz#b1acc6f860550692a73cdc948578c9974a8e3630"
    integrity sha512-kQB1ctCdAQT8YdQzoHV0CpBRsO4RNVy03SOkzM6TQKBbGBs1ZgVS4UlKsuvBPaiPt9q5tKgQZvorGJ1awbHDqA==
    dependencies:
      async "^2.5.0"
      lodash "^4.17.20"
  
  mongoose@^6.7.0:
    version "6.13.8"
    resolved "https://registry.yarnpkg.com/mongoose/-/mongoose-6.13.8.tgz#6d57b513fde0b4351d1354fb2d86c446779570c0"
    integrity sha512-JHKco/533CyVrqCbyQsnqMpLn8ZCiKrPDTd2mvo2W7ygIvhygWjX2wj+RPjn6upZZgw0jC6U51RD7kUsyK8NBg==
    dependencies:
      bson "^4.7.2"
      kareem "2.5.1"
      mongodb "4.17.2"
      mpath "0.9.0"
      mquery "4.0.3"
      ms "2.1.3"
      sift "16.0.1"
  
  mpath@0.9.0:
    version "0.9.0"
    resolved "https://registry.yarnpkg.com/mpath/-/mpath-0.9.0.tgz#0c122fe107846e31fc58c75b09c35514b3871904"
    integrity sha512-ikJRQTk8hw5DEoFVxHG1Gn9T/xcjtdnOKIU1JTmGjZZlg9LST2mBLmcX3/ICIbgJydT2GOc15RnNy5mHmzfSew==
  
  mquery@4.0.3:
    version "4.0.3"
    resolved "https://registry.yarnpkg.com/mquery/-/mquery-4.0.3.tgz#4d15f938e6247d773a942c912d9748bd1965f89d"
    integrity sha512-J5heI+P08I6VJ2Ky3+33IpCdAvlYGTSUjwTPxkAr8i8EoduPMBX2OY/wa3IKZIQl7MU4SbFk8ndgSKyB/cl1zA==
    dependencies:
      debug "4.x"
  
  ms@2.0.0:
    version "2.0.0"
    resolved "https://registry.yarnpkg.com/ms/-/ms-2.0.0.tgz#5608aeadfc00be6c2901df5f9861788de0d597c8"
    integrity sha512-Tpp60P6IUJDTuOq/5Z8cdskzJujfwqfOTkrwIwj7IRISpnkJnT6SyJ4PCPnGMoFjC9ddhal5KVIYtAt97ix05A==
  
  ms@2.1.3, ms@^2.1.1, ms@^2.1.3:
    version "2.1.3"
    resolved "https://registry.yarnpkg.com/ms/-/ms-2.1.3.tgz#574c8138ce1d2b5861f0b44579dbadd60c6615b2"
    integrity sha512-6FlzubTLZG3J2a/NVCAleEhjzq5oxgHyaCU9yYXvcLsvoVaHJq/s5xXI6/XXP6tz7R9xAOtHnSO/tXtF3WRTlA==
  
  multer@^2.0.1:
    version "2.0.2"
    resolved "https://registry.yarnpkg.com/multer/-/multer-2.0.2.tgz#08a8aa8255865388c387aaf041426b0c87bf58dd"
    integrity sha512-u7f2xaZ/UG8oLXHvtF/oWTRvT44p9ecwBBqTwgJVq0+4BW1g8OW01TyMEGWBHbyMOYVHXslaut7qEQ1meATXgw==
    dependencies:
      append-field "^1.0.0"
      busboy "^1.6.0"
      concat-stream "^2.0.0"
      mkdirp "^0.5.6"
      object-assign "^4.1.1"
      type-is "^1.6.18"
      xtend "^4.0.2"
  
  mute-stream@~0.0.4:
    version "0.0.8"
    resolved "https://registry.yarnpkg.com/mute-stream/-/mute-stream-0.0.8.tgz#1630c42b2251ff81e2a283de96a5497ea92e5e0d"
    integrity sha512-nnbWWOkoWyUsTjKrhgD0dcz22mdkSnpYqbEjIm2nhwhuxlSkpywJmBo8h0ZqJdkp73mb90SssHkN4rsRaBAfAA==
  
  needle@2.4.0:
    version "2.4.0"
    resolved "https://registry.yarnpkg.com/needle/-/needle-2.4.0.tgz#6833e74975c444642590e15a750288c5f939b57c"
    integrity sha512-4Hnwzr3mi5L97hMYeNl8wRW/Onhy4nUKR/lVemJ8gJedxxUyBLm9kkrDColJvoSfwi0jCNhD+xCdOtiGDQiRZg==
    dependencies:
      debug "^3.2.6"
      iconv-lite "^0.4.4"
      sax "^1.2.4"
  
  negotiator@0.6.3:
    version "0.6.3"
    resolved "https://registry.yarnpkg.com/negotiator/-/negotiator-0.6.3.tgz#58e323a72fedc0d6f9cd4d31fe49f51479590ccd"
    integrity sha512-+EUsqGPLsM+j/zdChZjsnX51g4XrHFOIXwfnCVPGlQk/k5giakcKsuxCObBRu6DSm9opw/O6slWbJdghQM4bBg==
  
  netmask@^2.0.2:
    version "2.0.2"
    resolved "https://registry.yarnpkg.com/netmask/-/netmask-2.0.2.tgz#8b01a07644065d536383835823bc52004ebac5e7"
    integrity sha512-dBpDMdxv9Irdq66304OLfEmQ9tbNRFnFTuZiLo+bD+r332bBmMJ8GBLXklIXXgxd3+v9+KUnZaUR5PJMa75Gsg==
  
  node-addon-api@^8.3.0:
    version "8.5.0"
    resolved "https://registry.yarnpkg.com/node-addon-api/-/node-addon-api-8.5.0.tgz#c91b2d7682fa457d2e1c388150f0dff9aafb8f3f"
    integrity sha512-/bRZty2mXUIFY/xU5HLvveNHlswNJej+RnxBjOMkidWfwZzgTbPG1E3K5TOxRLOR+5hX7bSofy8yf1hZevMS8A==
  
  node-cron@^3.0.2:
    version "3.0.3"
    resolved "https://registry.yarnpkg.com/node-cron/-/node-cron-3.0.3.tgz#c4bc7173dd96d96c50bdb51122c64415458caff2"
    integrity sha512-dOal67//nohNgYWb+nWmg5dkFdIwDm8EpeGYMekPMrngV3637lqnX0lbUcCtgibHTz6SEz7DAIjKvKDFYCnO1A==
    dependencies:
      uuid "8.3.2"
  
  node-gyp-build@^4.8.4:
    version "4.8.4"
    resolved "https://registry.yarnpkg.com/node-gyp-build/-/node-gyp-build-4.8.4.tgz#8a70ee85464ae52327772a90d66c6077a900cfc8"
    integrity sha512-LA4ZjwlnUblHVgq0oBF3Jl/6h/Nvs5fzBLwdEF4nuxnFdsfajde4WfxtJr3CaiH+F6ewcIB/q4jQ4UzPyid+CQ==
  
  nodejs-base64@^2.0.0:
    version "2.0.0"
    resolved "https://registry.yarnpkg.com/nodejs-base64/-/nodejs-base64-2.0.0.tgz#6325842fef622c67d9203677dca29a73a893335a"
    integrity sha512-rf83teAz8f251P+HQW0nZyIhIIKrTs8wz11n5+Dp1b+/oWCYSeCfNfbUqda5B0DhspBVXwJ7SPk8aghv/TFsjQ==
  
  nodemon@^2.0.22:
    version "2.0.22"
    resolved "https://registry.yarnpkg.com/nodemon/-/nodemon-2.0.22.tgz#182c45c3a78da486f673d6c1702e00728daf5258"
    integrity sha512-B8YqaKMmyuCO7BowF1Z1/mkPqLk6cs/l63Ojtd6otKjMx47Dq1utxfRxcavH1I7VSaL8n5BUaoutadnsX3AAVQ==
    dependencies:
      chokidar "^3.5.2"
      debug "^3.2.7"
      ignore-by-default "^1.0.1"
      minimatch "^3.1.2"
      pstree.remy "^1.1.8"
      semver "^5.7.1"
      simple-update-notifier "^1.0.7"
      supports-color "^5.5.0"
      touch "^3.1.0"
      undefsafe "^2.0.5"
  
  normalize-path@^3.0.0, normalize-path@~3.0.0:
    version "3.0.0"
    resolved "https://registry.yarnpkg.com/normalize-path/-/normalize-path-3.0.0.tgz#0dcd69ff23a1c9b11fd0978316644a0388216a65"
    integrity sha512-6eZs5Ls3WtCisHWp9S2GUy8dqkpGi4BVSz3GaqiE6ezub0512ESztXUwUB6C6IKbQkY2Pnb/mD4WYojCRwcwLA==
  
  nssocket@0.6.0:
    version "0.6.0"
    resolved "https://registry.yarnpkg.com/nssocket/-/nssocket-0.6.0.tgz#59f96f6ff321566f33c70f7dbeeecdfdc07154fa"
    integrity sha512-a9GSOIql5IqgWJR3F/JXG4KpJTA3Z53Cj0MeMvGpglytB1nxE4PdFNC0jINe27CS7cGivoynwc054EzCcT3M3w==
    dependencies:
      eventemitter2 "~0.4.14"
      lazy "~1.0.11"
  
  oauth-sign@~0.9.0:
    version "0.9.0"
    resolved "https://registry.yarnpkg.com/oauth-sign/-/oauth-sign-0.9.0.tgz#47a7b016baa68b5fa0ecf3dee08a85c679ac6455"
    integrity sha512-fexhUFFPTGV8ybAtSIGbV6gOkSv8UtRbDBnAyLQw4QPKkgNlsH2ByPGtMUqdWkos6YCRmAqViwgZrJc/mRDzZQ==
  
  object-assign@^4, object-assign@^4.1.1:
    version "4.1.1"
    resolved "https://registry.yarnpkg.com/object-assign/-/object-assign-4.1.1.tgz#2109adc7965887cfc05cbbd442cac8bfbb360863"
    integrity sha512-rJgTQnkUnH1sFw8yT6VSU3zD3sWmu6sZhIseY8VX+GRu3P6F7Fu+JNDoXfklElbLJSnc3FUQHVe4cU5hj+BcUg==
  
  object-inspect@^1.13.3:
    version "1.13.4"
    resolved "https://registry.yarnpkg.com/object-inspect/-/object-inspect-1.13.4.tgz#8375265e21bc20d0fa582c22e1b13485d6e00213"
    integrity sha512-W67iLl4J2EXEGTbfeHCffrjDfitvLANg0UlX3wFUUSTx92KXRFegMHUVgSqE+wvhAbi4WqjGg9czysTV2Epbew==
  
  on-finished@2.4.1:
    version "2.4.1"
    resolved "https://registry.yarnpkg.com/on-finished/-/on-finished-2.4.1.tgz#58c8c44116e54845ad57f14ab10b03533184ac3f"
    integrity sha512-oVlzkg3ENAhCk2zdv7IJwd/QUD4z2RxRwpkcGY8psCVcCYZNq4wYnVWALHM+brtuJjePWiYF/ClmuDr8Ch5+kg==
    dependencies:
      ee-first "1.1.1"
  
  pac-proxy-agent@^7.0.1:
    version "7.2.0"
    resolved "https://registry.yarnpkg.com/pac-proxy-agent/-/pac-proxy-agent-7.2.0.tgz#9cfaf33ff25da36f6147a20844230ec92c06e5df"
    integrity sha512-TEB8ESquiLMc0lV8vcd5Ql/JAKAoyzHFXaStwjkzpOpC5Yv+pIzLfHvjTSdf3vpa2bMiUQrg9i6276yn8666aA==
    dependencies:
      "@tootallnate/quickjs-emscripten" "^0.23.0"
      agent-base "^7.1.2"
      debug "^4.3.4"
      get-uri "^6.0.1"
      http-proxy-agent "^7.0.0"
      https-proxy-agent "^7.0.6"
      pac-resolver "^7.0.1"
      socks-proxy-agent "^8.0.5"
  
  pac-resolver@^7.0.1:
    version "7.0.1"
    resolved "https://registry.yarnpkg.com/pac-resolver/-/pac-resolver-7.0.1.tgz#54675558ea368b64d210fd9c92a640b5f3b8abb6"
    integrity sha512-5NPgf87AT2STgwa2ntRMr45jTKrYBGkVU36yT0ig/n/GMAa3oPqhZfIQ2kMEimReg0+t9kZViDVZ83qfVUlckg==
    dependencies:
      degenerator "^5.0.0"
      netmask "^2.0.2"
  
  pako@^0.2.5:
    version "0.2.9"
    resolved "https://registry.yarnpkg.com/pako/-/pako-0.2.9.tgz#f3f7522f4ef782348da8161bad9ecfd51bf83a75"
    integrity sha512-NUcwaKxUxWrZLpDG+z/xZaCgQITkA/Dv4V/T6bw7VON6l1Xz/VnrBqrYjZQ12TamKHzITTfOEIYUj48y2KXImA==
  
  parseurl@~1.3.3:
    version "1.3.3"
    resolved "https://registry.yarnpkg.com/parseurl/-/parseurl-1.3.3.tgz#9da19e7bee8d12dff0513ed5b76957793bc2e8d4"
    integrity sha512-CiyeOxFT/JZyN5m0z9PfXw4SCBJ6Sygz1Dpl0wqjlhDEGGBP1GnsUVEL0p63hoG1fcj3fHynXi9NYO4nWOL+qQ==
  
  passport-strategy@1.x.x:
    version "1.0.0"
    resolved "https://registry.yarnpkg.com/passport-strategy/-/passport-strategy-1.0.0.tgz#b5539aa8fc225a3d1ad179476ddf236b440f52e4"
    integrity sha512-CB97UUvDKJde2V0KDWWB3lyf6PC3FaZP7YxZ2G8OAtn9p4HI9j9JLP9qjOGZFvyl8uwNT8qM+hGnz/n16NI7oA==
  
  passport@^0.7.0:
    version "0.7.0"
    resolved "https://registry.yarnpkg.com/passport/-/passport-0.7.0.tgz#3688415a59a48cf8068417a8a8092d4492ca3a05"
    integrity sha512-cPLl+qZpSc+ireUvt+IzqbED1cHHkDoVYMo30jbJIdOOjQ1MQYZBPiNvmi8UM6lJuOpTPXJGZQk0DtC4y61MYQ==
    dependencies:
      passport-strategy "1.x.x"
      pause "0.0.1"
      utils-merge "^1.0.1"
  
  path-parse@^1.0.7:
    version "1.0.7"
    resolved "https://registry.yarnpkg.com/path-parse/-/path-parse-1.0.7.tgz#fbc114b60ca42b30d9daf5858e4bd68bbedb6735"
    integrity sha512-LDJzPVEEEPR+y48z93A0Ed0yXb8pAByGWo/k5YYdYgpY2/2EsOsksJrq7lOHxryrVOn1ejG6oAp8ahvOIQD8sw==
  
  path-to-regexp@0.1.12:
    version "0.1.12"
    resolved "https://registry.yarnpkg.com/path-to-regexp/-/path-to-regexp-0.1.12.tgz#d5e1a12e478a976d432ef3c58d534b9923164bb7"
    integrity sha512-RA1GjUVMnvYFxuqovrEqZoxxW5NUZqbwKtYz/Tt7nXerk0LbLblQmrsgdeOxV5SFHf0UDggjS/bSeOZwt1pmEQ==
  
  pause@0.0.1:
    version "0.0.1"
    resolved "https://registry.yarnpkg.com/pause/-/pause-0.0.1.tgz#1d408b3fdb76923b9543d96fb4c9dfd535d9cb5d"
    integrity sha512-KG8UEiEVkR3wGEb4m5yZkVCzigAD+cVEJck2CzYZO37ZGJfctvVptVO192MwrtPhzONn6go8ylnOdMhKqi4nfg==
  
  performance-now@^2.1.0:
    version "2.1.0"
    resolved "https://registry.yarnpkg.com/performance-now/-/performance-now-2.1.0.tgz#6309f4e0e5fa913ec1c69307ae364b4b377c9e7b"
    integrity sha512-7EAHlyLHI56VEIdK57uwHdHKIaAGbnXPiw0yWbarQZOKaKpvUIgW0jWRVLiatnM+XXlSwsanIBH/hzGMJulMow==
  
  picomatch@^2.0.4, picomatch@^2.2.1:
    version "2.3.1"
    resolved "https://registry.yarnpkg.com/picomatch/-/picomatch-2.3.1.tgz#3ba3833733646d9d3e4995946c1365a67fb07a42"
    integrity sha512-JU3teHTNjmE2VCGFzuY8EXzCDVwEqB2a8fsIvwaStHhAWJEeVd1o1QD80CU6+ZdEXXSLbSsuLwJjkCBWqRQUVA==
  
  pidusage@^2.0.21:
    version "2.0.21"
    resolved "https://registry.yarnpkg.com/pidusage/-/pidusage-2.0.21.tgz#7068967b3d952baea73e57668c98b9eaa876894e"
    integrity sha512-cv3xAQos+pugVX+BfXpHsbyz/dLzX+lr44zNMsYiGxUw+kV5sgQCIcLd1z+0vq+KyC7dJ+/ts2PsfgWfSC3WXA==
    dependencies:
      safe-buffer "^5.2.1"
  
  pidusage@~3.0:
    version "3.0.2"
    resolved "https://registry.yarnpkg.com/pidusage/-/pidusage-3.0.2.tgz#6faa5402b2530b3af2cf93d13bcf202889724a53"
    integrity sha512-g0VU+y08pKw5M8EZ2rIGiEBaB8wrQMjYGFfW2QVIfyT8V+fq8YFLkvlz4bz5ljvFDJYNFCWT3PWqcRr2FKO81w==
    dependencies:
      safe-buffer "^5.2.1"
  
  pm2-axon-rpc@~0.7.0, pm2-axon-rpc@~0.7.1:
    version "0.7.1"
    resolved "https://registry.yarnpkg.com/pm2-axon-rpc/-/pm2-axon-rpc-0.7.1.tgz#2daec5383a63135b3f18babb70266dacdcbc429a"
    integrity sha512-FbLvW60w+vEyvMjP/xom2UPhUN/2bVpdtLfKJeYM3gwzYhoTEEChCOICfFzxkxuoEleOlnpjie+n1nue91bDQw==
    dependencies:
      debug "^4.3.1"
  
  pm2-axon@~4.0.1:
    version "4.0.1"
    resolved "https://registry.yarnpkg.com/pm2-axon/-/pm2-axon-4.0.1.tgz#a7b4bb586e9aeb35b1042b488cde15b60cabafd2"
    integrity sha512-kES/PeSLS8orT8dR5jMlNl+Yu4Ty3nbvZRmaAtROuVm9nYYGiaoXqqKQqQYzWQzMYWUKHMQTvBlirjE5GIIxqg==
    dependencies:
      amp "~0.3.1"
      amp-message "~0.1.1"
      debug "^4.3.1"
      escape-string-regexp "^4.0.0"
  
  pm2-deploy@~1.0.2:
    version "1.0.2"
    resolved "https://registry.yarnpkg.com/pm2-deploy/-/pm2-deploy-1.0.2.tgz#98d8385553a3a4dca11c7b3116deb519bc5961a7"
    integrity sha512-YJx6RXKrVrWaphEYf++EdOOx9EH18vM8RSZN/P1Y+NokTKqYAca/ejXwVLyiEpNju4HPZEk3Y2uZouwMqUlcgg==
    dependencies:
      run-series "^1.1.8"
      tv4 "^1.3.0"
  
  pm2-multimeter@^0.1.2:
    version "0.1.2"
    resolved "https://registry.yarnpkg.com/pm2-multimeter/-/pm2-multimeter-0.1.2.tgz#1a1e55153d41a05534cea23cfe860abaa0eb4ace"
    integrity sha512-S+wT6XfyKfd7SJIBqRgOctGxaBzUOmVQzTAS+cg04TsEUObJVreha7lvCfX8zzGVr871XwCSnHUU7DQQ5xEsfA==
    dependencies:
      charm "~0.1.1"
  
  pm2-sysmonit@^1.2.8:
    version "1.2.8"
    resolved "https://registry.yarnpkg.com/pm2-sysmonit/-/pm2-sysmonit-1.2.8.tgz#eddea34a53fd8c8d7c3efb73b97a3c548686e24d"
    integrity sha512-ACOhlONEXdCTVwKieBIQLSi2tQZ8eKinhcr9JpZSUAL8Qy0ajIgRtsLxG/lwPOW3JEKqPyw/UaHmTWhUzpP4kA==
    dependencies:
      async "^3.2.0"
      debug "^4.3.1"
      pidusage "^2.0.21"
      systeminformation "^5.7"
      tx2 "~1.0.4"
  
  pm2@^5.3.0:
    version "5.4.3"
    resolved "https://registry.yarnpkg.com/pm2/-/pm2-5.4.3.tgz#4d8c456c7aa2f5dd59714fd130e9c2f1d924e86e"
    integrity sha512-4/I1htIHzZk1Y67UgOCo4F1cJtas1kSds31N8zN0PybO230id1nigyjGuGFzUnGmUFPmrJ0On22fO1ChFlp7VQ==
    dependencies:
      "@pm2/agent" "~2.0.0"
      "@pm2/io" "~6.0.1"
      "@pm2/js-api" "~0.8.0"
      "@pm2/pm2-version-check" latest
      async "~3.2.0"
      blessed "0.1.81"
      chalk "3.0.0"
      chokidar "^3.5.3"
      cli-tableau "^2.0.0"
      commander "2.15.1"
      croner "~4.1.92"
      dayjs "~1.11.5"
      debug "^4.3.1"
      enquirer "2.3.6"
      eventemitter2 "5.0.1"
      fclone "1.0.11"
      js-yaml "~4.1.0"
      mkdirp "1.0.4"
      needle "2.4.0"
      pidusage "~3.0"
      pm2-axon "~4.0.1"
      pm2-axon-rpc "~0.7.1"
      pm2-deploy "~1.0.2"
      pm2-multimeter "^0.1.2"
      promptly "^2"
      semver "^7.2"
      source-map-support "0.5.21"
      sprintf-js "1.1.2"
      vizion "~2.2.1"
    optionalDependencies:
      pm2-sysmonit "^1.2.8"
  
  promptly@^2:
    version "2.2.0"
    resolved "https://registry.yarnpkg.com/promptly/-/promptly-2.2.0.tgz#2a13fa063688a2a5983b161fff0108a07d26fc74"
    integrity sha512-aC9j+BZsRSSzEsXBNBwDnAxujdx19HycZoKgRgzWnS8eOHg1asuf9heuLprfbe739zY3IdUQx+Egv6Jn135WHA==
    dependencies:
      read "^1.0.4"
  
  proxy-addr@~2.0.7:
    version "2.0.7"
    resolved "https://registry.yarnpkg.com/proxy-addr/-/proxy-addr-2.0.7.tgz#f19fe69ceab311eeb94b42e70e8c2070f9ba1025"
    integrity sha512-llQsMLSUDUPT44jdrU/O37qlnifitDP+ZwrmmZcoSKyLKvtZxpyV0n2/bD/N4tBAAZ/gJEdZU7KMraoK1+XYAg==
    dependencies:
      forwarded "0.2.0"
      ipaddr.js "1.9.1"
  
  proxy-agent@~6.3.0:
    version "6.3.1"
    resolved "https://registry.yarnpkg.com/proxy-agent/-/proxy-agent-6.3.1.tgz#40e7b230552cf44fd23ffaf7c59024b692612687"
    integrity sha512-Rb5RVBy1iyqOtNl15Cw/llpeLH8bsb37gM1FUfKQ+Wck6xHlbAhWGUFiTRHtkjqGTA5pSHz6+0hrPW/oECihPQ==
    dependencies:
      agent-base "^7.0.2"
      debug "^4.3.4"
      http-proxy-agent "^7.0.0"
      https-proxy-agent "^7.0.2"
      lru-cache "^7.14.1"
      pac-proxy-agent "^7.0.1"
      proxy-from-env "^1.1.0"
      socks-proxy-agent "^8.0.2"
  
  proxy-from-env@^1.1.0:
    version "1.1.0"
    resolved "https://registry.yarnpkg.com/proxy-from-env/-/proxy-from-env-1.1.0.tgz#e102f16ca355424865755d2c9e8ea4f24d58c3e2"
    integrity sha512-D+zkORCbA9f1tdWRK0RaCR3GPv50cMxcrz4X8k5LTSUD1Dkw47mKJEZQNunItRTkWwgtaUSo1RVFRIG9ZXiFYg==
  
  psl@^1.1.28:
    version "1.15.0"
    resolved "https://registry.yarnpkg.com/psl/-/psl-1.15.0.tgz#bdace31896f1d97cec6a79e8224898ce93d974c6"
    integrity sha512-JZd3gMVBAVQkSs6HdNZo9Sdo0LNcQeMNP3CozBJb3JYC/QUYZTnKxP+f8oWRX4rHP5EurWxqAHTSwUCjlNKa1w==
    dependencies:
      punycode "^2.3.1"
  
  pstree.remy@^1.1.8:
    version "1.1.8"
    resolved "https://registry.yarnpkg.com/pstree.remy/-/pstree.remy-1.1.8.tgz#c242224f4a67c21f686839bbdb4ac282b8373d3a"
    integrity sha512-77DZwxQmxKnu3aR542U+X8FypNzbfJ+C5XQDk3uWjWxn6151aIMGthWYRXTqT1E5oJvg+ljaa2OJi+VfvCOQ8w==
  
  punycode@^2.1.0, punycode@^2.1.1, punycode@^2.3.1:
    version "2.3.1"
    resolved "https://registry.yarnpkg.com/punycode/-/punycode-2.3.1.tgz#027422e2faec0b25e1549c3e1bd8309b9133b6e5"
    integrity sha512-vYt7UD1U9Wg6138shLtLOvdAu+8DsC/ilFtEVHcH+wydcSpNE20AfSOduf6MkRFahL5FY7X1oU7nKVZFtfq8Fg==
  
  q@^1.5.1:
    version "1.5.1"
    resolved "https://registry.yarnpkg.com/q/-/q-1.5.1.tgz#7e32f75b41381291d04611f1bf14109ac00651d7"
    integrity sha512-kV/CThkXo6xyFEZUugw/+pIOywXcDbFYgSct5cT3gqlbkBE1SJdwy6UQoZvodiWF/ckQLZyDE/Bu1M6gVu5lVw==
  
  qs@6.13.0:
    version "6.13.0"
    resolved "https://registry.yarnpkg.com/qs/-/qs-6.13.0.tgz#6ca3bd58439f7e245655798997787b0d88a51906"
    integrity sha512-+38qI9SOr8tfZ4QmJNplMUxqjbe7LKvvZgWdExBOmd+egZTtjLB67Gu0HRX3u/XOq7UU2Nx6nsjvS16Z9uwfpg==
    dependencies:
      side-channel "^1.0.6"
  
  qs@~6.5.2:
    version "6.5.3"
    resolved "https://registry.yarnpkg.com/qs/-/qs-6.5.3.tgz#3aeeffc91967ef6e35c0e488ef46fb296ab76aad"
    integrity sha512-qxXIEh4pCGfHICj1mAJQ2/2XVZkjCDTcEgfoSQxc/fYivUZxTkk7L3bDBJSoNrEzXI17oUO5Dp07ktqE5KzczA==
  
  range-parser@~1.2.1:
    version "1.2.1"
    resolved "https://registry.yarnpkg.com/range-parser/-/range-parser-1.2.1.tgz#3cf37023d199e1c24d1a55b84800c2f3e6468031"
    integrity sha512-Hrgsx+orqoygnmhFbKaHE6c296J+HTAQXoxEF6gNupROmmGJRoyzfG3ccAveqCBrwr/2yxQ5BVd/GTl5agOwSg==
  
  raw-body@2.5.2:
    version "2.5.2"
    resolved "https://registry.yarnpkg.com/raw-body/-/raw-body-2.5.2.tgz#99febd83b90e08975087e8f1f9419a149366b68a"
    integrity sha512-8zGqypfENjCIqGhgXToC8aB2r7YrBX+AQAfIPs/Mlk+BtPTztOvTS01NRW/3Eh60J+a48lt8qsCzirQ6loCVfA==
    dependencies:
      bytes "3.1.2"
      http-errors "2.0.0"
      iconv-lite "0.4.24"
      unpipe "1.0.0"
  
  read@^1.0.4:
    version "1.0.7"
    resolved "https://registry.yarnpkg.com/read/-/read-1.0.7.tgz#b3da19bd052431a97671d44a42634adf710b40c4"
    integrity sha512-rSOKNYUmaxy0om1BNjMN4ezNT6VKK+2xF4GBhc81mkH7L60i6dp8qPYrkndNLT3QPphoII3maL9PVC9XmhHwVQ==
    dependencies:
      mute-stream "~0.0.4"
  
  readable-stream@^3.0.2:
    version "3.6.2"
    resolved "https://registry.yarnpkg.com/readable-stream/-/readable-stream-3.6.2.tgz#56a9b36ea965c00c5a93ef31eb111a0f11056967"
    integrity sha512-9u/sniCrY3D5WdsERHzHE4G2YCXqoG5FTHUiCC4SIbr6XcLZBY05ya9EKjYek9O5xOAwjGq+1JdGBAS7Q9ScoA==
    dependencies:
      inherits "^2.0.3"
      string_decoder "^1.1.1"
      util-deprecate "^1.0.1"
  
  readdirp@~3.6.0:
    version "3.6.0"
    resolved "https://registry.yarnpkg.com/readdirp/-/readdirp-3.6.0.tgz#74a370bd857116e245b29cc97340cd431a02a6c7"
    integrity sha512-hOS089on8RduqdbhvQ5Z37A0ESjsqz6qnRcffsMU3495FuTdqSm+7bhJ29JvIOsBDEEnan5DPu9t3To9VRlMzA==
    dependencies:
      picomatch "^2.2.1"
  
  request@^2.88.0:
    version "2.88.2"
    resolved "https://registry.yarnpkg.com/request/-/request-2.88.2.tgz#d73c918731cb5a87da047e207234146f664d12b3"
    integrity sha512-MsvtOrfG9ZcrOwAW+Qi+F6HbD0CWXEh9ou77uOb7FM2WPhwT7smM833PzanhJLsgXjN89Ir6V2PczXNnMpwKhw==
    dependencies:
      aws-sign2 "~0.7.0"
      aws4 "^1.8.0"
      caseless "~0.12.0"
      combined-stream "~1.0.6"
      extend "~3.0.2"
      forever-agent "~0.6.1"
      form-data "~2.3.2"
      har-validator "~5.1.3"
      http-signature "~1.2.0"
      is-typedarray "~1.0.0"
      isstream "~0.1.2"
      json-stringify-safe "~5.0.1"
      mime-types "~2.1.19"
      oauth-sign "~0.9.0"
      performance-now "^2.1.0"
      qs "~6.5.2"
      safe-buffer "^5.1.2"
      tough-cookie "~2.5.0"
      tunnel-agent "^0.6.0"
      uuid "^3.3.2"
  
  require-in-the-middle@^5.0.0:
    version "5.2.0"
    resolved "https://registry.yarnpkg.com/require-in-the-middle/-/require-in-the-middle-5.2.0.tgz#4b71e3cc7f59977100af9beb76bf2d056a5a6de2"
    integrity sha512-efCx3b+0Z69/LGJmm9Yvi4cqEdxnoGnxYxGxBghkkTTFeXRtTCmmhO0AnAfHz59k957uTSuy8WaHqOs8wbYUWg==
    dependencies:
      debug "^4.1.1"
      module-details-from-path "^1.0.3"
      resolve "^1.22.1"
  
  resolve@^1.22.1:
    version "1.22.10"
    resolved "https://registry.yarnpkg.com/resolve/-/resolve-1.22.10.tgz#b663e83ffb09bbf2386944736baae803029b8b39"
    integrity sha512-NPRy+/ncIMeDlTAsuqwKIiferiawhefFJtkNSW0qZJEqMEb+qBt/77B/jGeeek+F0uOeN05CDa6HXbbIgtVX4w==
    dependencies:
      is-core-module "^2.16.0"
      path-parse "^1.0.7"
      supports-preserve-symlinks-flag "^1.0.0"
  
  run-series@^1.1.8:
    version "1.1.9"
    resolved "https://registry.yarnpkg.com/run-series/-/run-series-1.1.9.tgz#15ba9cb90e6a6c054e67c98e1dc063df0ecc113a"
    integrity sha512-Arc4hUN896vjkqCYrUXquBFtRZdv1PfLbTYP71efP6butxyQ0kWpiNJyAgsxscmQg1cqvHY32/UCBzXedTpU2g==
  
  safe-buffer@5.2.1, safe-buffer@^5.0.1, safe-buffer@^5.1.2, safe-buffer@^5.2.1, safe-buffer@~5.2.0:
    version "5.2.1"
    resolved "https://registry.yarnpkg.com/safe-buffer/-/safe-buffer-5.2.1.tgz#1eaf9fa9bdb1fdd4ec75f58f9cdb4e6b7827eec6"
    integrity sha512-rp3So07KcdmmKbGvgaNxQSJr7bGVSVk5S9Eq1F+ppbRo70+YeaDxkw5Dd8NPN+GD6bjnYm2VuPuCXmpuYvmCXQ==
  
  "safer-buffer@>= 2.1.2 < 3", safer-buffer@^2.0.2, safer-buffer@^2.1.0, safer-buffer@~2.1.0:
    version "2.1.2"
    resolved "https://registry.yarnpkg.com/safer-buffer/-/safer-buffer-2.1.2.tgz#44fa161b0187b9549dd84bb91802f9bd8385cd6a"
    integrity sha512-YZo3K82SD7Riyi0E1EQPojLz7kpepnSQI9IyPbHHg1XXXevb5dJI7tpyN2ADxGcQbHG7vcyRHk0cbwqcQriUtg==
  
  sax@^1.2.4:
    version "1.4.1"
    resolved "https://registry.yarnpkg.com/sax/-/sax-1.4.1.tgz#44cc8988377f126304d3b3fc1010c733b929ef0f"
    integrity sha512-+aWOz7yVScEGoKNd4PA10LZ8sk0A/z5+nXQG5giUO5rprX9jgYsTdov9qCchZiPIZezbZH+jRut8nPodFAX4Jg==
  
  semver@^5.6.0, semver@^5.7.1:
    version "5.7.2"
    resolved "https://registry.yarnpkg.com/semver/-/semver-5.7.2.tgz#48d55db737c3287cd4835e17fa13feace1c41ef8"
    integrity sha512-cBznnQ9KjJqU67B52RMC65CMarK2600WFnbkcaiwWq3xy/5haFJlshgnpjovMVJ+Hff49d8GEn0b87C5pDQ10g==
  
  semver@^7.2:
    version "7.7.2"
    resolved "https://registry.yarnpkg.com/semver/-/semver-7.7.2.tgz#67d99fdcd35cec21e6f8b87a7fd515a33f982b58"
    integrity sha512-RF0Fw+rO5AMf9MAyaRXI4AV0Ulj5lMHqVxxdSgiVbixSCXoEmmX/jk0CuJw4+3SqroYO9VoUh+HcuJivvtJemA==
  
  semver@~7.0.0:
    version "7.0.0"
    resolved "https://registry.yarnpkg.com/semver/-/semver-7.0.0.tgz#5f3ca35761e47e05b206c6daff2cf814f0316b8e"
    integrity sha512-+GB6zVA9LWh6zovYQLALHwv5rb2PHGlJi3lfiqIHxR0uuwCgefcOJc59v9fv1w8GbStwxuuqqAjI9NMAOOgq1A==
  
  semver@~7.5.0, semver@~7.5.4:
    version "7.5.4"
    resolved "https://registry.yarnpkg.com/semver/-/semver-7.5.4.tgz#483986ec4ed38e1c6c48c34894a9182dbff68a6e"
    integrity sha512-1bCSESV6Pv+i21Hvpxp3Dx+pSD8lIPt8uVjRrxAUt/nbswYc+tK6Y2btiULjd4+fnq15PX+nqQDC7Oft7WkwcA==
    dependencies:
      lru-cache "^6.0.0"
  
  send@0.19.0:
    version "0.19.0"
    resolved "https://registry.yarnpkg.com/send/-/send-0.19.0.tgz#bbc5a388c8ea6c048967049dbeac0e4a3f09d7f8"
    integrity sha512-dW41u5VfLXu8SJh5bwRmyYUbAoSB3c9uQh6L8h/KtsFREPWpbX1lrljJo186Jc4nmci/sGUZ9a0a0J2zgfq2hw==
    dependencies:
      debug "2.6.9"
      depd "2.0.0"
      destroy "1.2.0"
      encodeurl "~1.0.2"
      escape-html "~1.0.3"
      etag "~1.8.1"
      fresh "0.5.2"
      http-errors "2.0.0"
      mime "1.6.0"
      ms "2.1.3"
      on-finished "2.4.1"
      range-parser "~1.2.1"
      statuses "2.0.1"
  
  serve-static@1.16.2:
    version "1.16.2"
    resolved "https://registry.yarnpkg.com/serve-static/-/serve-static-1.16.2.tgz#b6a5343da47f6bdd2673848bf45754941e803296"
    integrity sha512-VqpjJZKadQB/PEbEwvFdO43Ax5dFBZ2UECszz8bQ7pi7wt//PWe1P6MN7eCnjsatYtBT6EuiClbjSWP2WrIoTw==
    dependencies:
      encodeurl "~2.0.0"
      escape-html "~1.0.3"
      parseurl "~1.3.3"
      send "0.19.0"
  
  setprototypeof@1.2.0:
    version "1.2.0"
    resolved "https://registry.yarnpkg.com/setprototypeof/-/setprototypeof-1.2.0.tgz#66c9a24a73f9fc28cbe66b09fed3d33dcaf1b424"
    integrity sha512-E5LDX7Wrp85Kil5bhZv46j8jOeboKq5JMmYM3gVGdGH8xFpPWXUMsNrlODCrkoxMEeNi/XZIwuRvY4XNwYMJpw==
  
  shimmer@^1.2.0:
    version "1.2.1"
    resolved "https://registry.yarnpkg.com/shimmer/-/shimmer-1.2.1.tgz#610859f7de327b587efebf501fb43117f9aff337"
    integrity sha512-sQTKC1Re/rM6XyFM6fIAGHRPVGvyXfgzIDvzoq608vM+jeyVD0Tu1E6Np0Kc2zAIFWIj963V2800iF/9LPieQw==
  
  side-channel-list@^1.0.0:
    version "1.0.0"
    resolved "https://registry.yarnpkg.com/side-channel-list/-/side-channel-list-1.0.0.tgz#10cb5984263115d3b7a0e336591e290a830af8ad"
    integrity sha512-FCLHtRD/gnpCiCHEiJLOwdmFP+wzCmDEkc9y7NsYxeF4u7Btsn1ZuwgwJGxImImHicJArLP4R0yX4c2KCrMrTA==
    dependencies:
      es-errors "^1.3.0"
      object-inspect "^1.13.3"
  
  side-channel-map@^1.0.1:
    version "1.0.1"
    resolved "https://registry.yarnpkg.com/side-channel-map/-/side-channel-map-1.0.1.tgz#d6bb6b37902c6fef5174e5f533fab4c732a26f42"
    integrity sha512-VCjCNfgMsby3tTdo02nbjtM/ewra6jPHmpThenkTYh8pG9ucZ/1P8So4u4FGBek/BjpOVsDCMoLA/iuBKIFXRA==
    dependencies:
      call-bound "^1.0.2"
      es-errors "^1.3.0"
      get-intrinsic "^1.2.5"
      object-inspect "^1.13.3"
  
  side-channel-weakmap@^1.0.2:
    version "1.0.2"
    resolved "https://registry.yarnpkg.com/side-channel-weakmap/-/side-channel-weakmap-1.0.2.tgz#11dda19d5368e40ce9ec2bdc1fb0ecbc0790ecea"
    integrity sha512-WPS/HvHQTYnHisLo9McqBHOJk2FkHO/tlpvldyrnem4aeQp4hai3gythswg6p01oSoTl58rcpiFAjF2br2Ak2A==
    dependencies:
      call-bound "^1.0.2"
      es-errors "^1.3.0"
      get-intrinsic "^1.2.5"
      object-inspect "^1.13.3"
      side-channel-map "^1.0.1"
  
  side-channel@^1.0.6:
    version "1.1.0"
    resolved "https://registry.yarnpkg.com/side-channel/-/side-channel-1.1.0.tgz#c3fcff9c4da932784873335ec9765fa94ff66bc9"
    integrity sha512-ZX99e6tRweoUXqR+VBrslhda51Nh5MTQwou5tnUDgbtyM0dBgmhEDtWGP/xbKn6hqfPRHujUNwz5fy/wbbhnpw==
    dependencies:
      es-errors "^1.3.0"
      object-inspect "^1.13.3"
      side-channel-list "^1.0.0"
      side-channel-map "^1.0.1"
      side-channel-weakmap "^1.0.2"
  
  sift@16.0.1:
    version "16.0.1"
    resolved "https://registry.yarnpkg.com/sift/-/sift-16.0.1.tgz#e9c2ccc72191585008cf3e36fc447b2d2633a053"
    integrity sha512-Wv6BjQ5zbhW7VFefWusVP33T/EM0vYikCaQ2qR8yULbsilAT8/wQaXvuQ3ptGLpoKx+lihJE3y2UTgKDyyNHZQ==
  
  signal-exit@^3.0.3:
    version "3.0.7"
    resolved "https://registry.yarnpkg.com/signal-exit/-/signal-exit-3.0.7.tgz#a9a1767f8af84155114eaabd73f99273c8f59ad9"
    integrity sha512-wnD2ZE+l+SPC/uoS0vXeE9L1+0wuaMqKlfz9AMUo38JsyLSBWSFcHR1Rri62LZc12vLr1gb3jl7iwQhgwpAbGQ==
  
  simple-update-notifier@^1.0.7:
    version "1.1.0"
    resolved "https://registry.yarnpkg.com/simple-update-notifier/-/simple-update-notifier-1.1.0.tgz#67694c121de354af592b347cdba798463ed49c82"
    integrity sha512-VpsrsJSUcJEseSbMHkrsrAVSdvVS5I96Qo1QAQ4FxQ9wXFcB+pjj7FB7/us9+GcgfW4ziHtYMc1J0PLczb55mg==
    dependencies:
      semver "~7.0.0"
  
  smart-buffer@^4.2.0:
    version "4.2.0"
    resolved "https://registry.yarnpkg.com/smart-buffer/-/smart-buffer-4.2.0.tgz#6e1d71fa4f18c05f7d0ff216dd16a481d0e8d9ae"
    integrity sha512-94hK0Hh8rPqQl2xXc3HsaBoOXKV20MToPkcXvwbISWLEs+64sBq5kFgn2kJDHb1Pry9yrP0dxrCI9RRci7RXKg==
  
  socket.io-adapter@~2.5.2:
    version "2.5.5"
    resolved "https://registry.yarnpkg.com/socket.io-adapter/-/socket.io-adapter-2.5.5.tgz#c7a1f9c703d7756844751b6ff9abfc1780664082"
    integrity sha512-eLDQas5dzPgOWCk9GuuJC2lBqItuhKI4uxGgo9aIV7MYbk2h9Q6uULEh8WBzThoI7l+qU9Ast9fVUmkqPP9wYg==
    dependencies:
      debug "~4.3.4"
      ws "~8.17.1"
  
  socket.io-parser@~4.2.4:
    version "4.2.4"
    resolved "https://registry.yarnpkg.com/socket.io-parser/-/socket.io-parser-4.2.4.tgz#c806966cf7270601e47469ddeec30fbdfda44c83"
    integrity sha512-/GbIKmo8ioc+NIWIhwdecY0ge+qVBSMdgxGygevmdHj24bsfgtCmcUUcQ5ZzcylGFHsN3k4HB4Cgkl96KVnuew==
    dependencies:
      "@socket.io/component-emitter" "~3.1.0"
      debug "~4.3.1"
  
  socket.io@^4.8.1:
    version "4.8.1"
    resolved "https://registry.yarnpkg.com/socket.io/-/socket.io-4.8.1.tgz#fa0eaff965cc97fdf4245e8d4794618459f7558a"
    integrity sha512-oZ7iUCxph8WYRHHcjBEc9unw3adt5CmSNlppj/5Q4k2RIrhl8Z5yY2Xr4j9zj0+wzVZ0bxmYoGSzKJnRl6A4yg==
    dependencies:
      accepts "~1.3.4"
      base64id "~2.0.0"
      cors "~2.8.5"
      debug "~4.3.2"
      engine.io "~6.6.0"
      socket.io-adapter "~2.5.2"
      socket.io-parser "~4.2.4"
  
  socks-proxy-agent@^8.0.2, socks-proxy-agent@^8.0.5:
    version "8.0.5"
    resolved "https://registry.yarnpkg.com/socks-proxy-agent/-/socks-proxy-agent-8.0.5.tgz#b9cdb4e7e998509d7659d689ce7697ac21645bee"
    integrity sha512-HehCEsotFqbPW9sJ8WVYB6UbmIMv7kUUORIF2Nncq4VQvBfNBLibW9YZR5dlYCSUhwcD628pRllm7n+E+YTzJw==
    dependencies:
      agent-base "^7.1.2"
      debug "^4.3.4"
      socks "^2.8.3"
  
  socks@^2.7.1, socks@^2.8.3:
    version "2.8.6"
    resolved "https://registry.yarnpkg.com/socks/-/socks-2.8.6.tgz#e335486a2552f34f932f0c27d8dbb93f2be867aa"
    integrity sha512-pe4Y2yzru68lXCb38aAqRf5gvN8YdjP1lok5o0J7BOHljkyCGKVz7H3vpVIXKD27rj2giOJ7DwVyk/GWrPHDWA==
    dependencies:
      ip-address "^9.0.5"
      smart-buffer "^4.2.0"
  
  source-map-support@0.5.21:
    version "0.5.21"
    resolved "https://registry.yarnpkg.com/source-map-support/-/source-map-support-0.5.21.tgz#04fe7c7f9e1ed2d662233c28cb2b35b9f63f6e4f"
    integrity sha512-uBHU3L3czsIyYXKX88fdrGovxdSCoTGDRZ6SYXtSRxLZUzHg5P/66Ht6uoUlHu9EZod+inXhKo3qQgwXUT/y1w==
    dependencies:
      buffer-from "^1.0.0"
      source-map "^0.6.0"
  
  source-map@^0.6.0, source-map@~0.6.1:
    version "0.6.1"
    resolved "https://registry.yarnpkg.com/source-map/-/source-map-0.6.1.tgz#74722af32e9614e9c287a8d0bbde48b5e2f1a263"
    integrity sha512-UjgapumWlbMhkBgzT7Ykc5YXUT46F0iKu8SGXq0bcwP5dz/h0Plj6enJqjz1Zbq2l5WaqYnrVbwWOWMyF3F47g==
  
  sparse-bitfield@^3.0.3:
    version "3.0.3"
    resolved "https://registry.yarnpkg.com/sparse-bitfield/-/sparse-bitfield-3.0.3.tgz#ff4ae6e68656056ba4b3e792ab3334d38273ca11"
    integrity sha512-kvzhi7vqKTfkh0PZU+2D2PIllw2ymqJKujUcyPMd9Y75Nv4nPbGJZXNhxsgdQab2BmlDct1YnfQCguEvHr7VsQ==
    dependencies:
      memory-pager "^1.0.2"
  
  sprintf-js@1.1.2:
    version "1.1.2"
    resolved "https://registry.yarnpkg.com/sprintf-js/-/sprintf-js-1.1.2.tgz#da1765262bf8c0f571749f2ad6c26300207ae673"
    integrity sha512-VE0SOVEHCk7Qc8ulkWw3ntAzXuqf7S2lvwQaDLRnUeIEaKNQJzV6BwmLKhOqT61aGhfUMrXeaBk+oDGCzvhcug==
  
  sprintf-js@^1.1.3:
    version "1.1.3"
    resolved "https://registry.yarnpkg.com/sprintf-js/-/sprintf-js-1.1.3.tgz#4914b903a2f8b685d17fdf78a70e917e872e444a"
    integrity sha512-Oo+0REFV59/rz3gfJNKQiBlwfHaSESl1pcGyABQsnnIfWOFt6JNj5gCog2U6MLZ//IGYD+nA8nI+mTShREReaA==
  
  sshpk@^1.7.0:
    version "1.18.0"
    resolved "https://registry.yarnpkg.com/sshpk/-/sshpk-1.18.0.tgz#1663e55cddf4d688b86a46b77f0d5fe363aba028"
    integrity sha512-2p2KJZTSqQ/I3+HX42EpYOa2l3f8Erv8MWKsy2I9uf4wA7yFIkXRffYdsx86y6z4vHtV8u7g+pPlr8/4ouAxsQ==
    dependencies:
      asn1 "~0.2.3"
      assert-plus "^1.0.0"
      bcrypt-pbkdf "^1.0.0"
      dashdash "^1.12.0"
      ecc-jsbn "~0.1.1"
      getpass "^0.1.1"
      jsbn "~0.1.0"
      safer-buffer "^2.0.2"
      tweetnacl "~0.14.0"
  
  statuses@2.0.1:
    version "2.0.1"
    resolved "https://registry.yarnpkg.com/statuses/-/statuses-2.0.1.tgz#55cb000ccf1d48728bd23c685a063998cf1a1b63"
    integrity sha512-RwNA9Z/7PrK06rYLIzFMlaF+l73iwpzsqRIFgbMLbTcLD6cOao82TaWefPXQvB2fOC4AjuYSEndS7N/mTCbkdQ==
  
  streamsearch@^1.1.0:
    version "1.1.0"
    resolved "https://registry.yarnpkg.com/streamsearch/-/streamsearch-1.1.0.tgz#404dd1e2247ca94af554e841a8ef0eaa238da764"
    integrity sha512-Mcc5wHehp9aXz1ax6bZUyY5afg9u2rv5cqQI3mRrYkGC8rW2hM02jWuwjtL++LS5qinSyhj2QfLyNsuc+VsExg==
  
  string_decoder@^1.1.1:
    version "1.3.0"
    resolved "https://registry.yarnpkg.com/string_decoder/-/string_decoder-1.3.0.tgz#42f114594a46cf1a8e30b0a84f56c78c3edac21e"
    integrity sha512-hkRX8U1WjJFd8LsDJ2yQ/wWWxaopEsABU1XfkM8A+j0+85JAGppt16cr1Whg6KIbb4okU6Mql6BOj+uup/wKeA==
    dependencies:
      safe-buffer "~5.2.0"
  
  strnum@^2.1.0:
    version "2.1.1"
    resolved "https://registry.yarnpkg.com/strnum/-/strnum-2.1.1.tgz#cf2a6e0cf903728b8b2c4b971b7e36b4e82d46ab"
    integrity sha512-7ZvoFTiCnGxBtDqJ//Cu6fWtZtc7Y3x+QOirG15wztbdngGSkht27o2pyGWrVy0b4WAy3jbKmnoK6g5VlVNUUw==
  
  supports-color@^5.5.0:
    version "5.5.0"
    resolved "https://registry.yarnpkg.com/supports-color/-/supports-color-5.5.0.tgz#e2e69a44ac8772f78a1ec0b35b689df6530efc8f"
    integrity sha512-QjVjwdXIt408MIiAqCX4oUKsgU2EqAGzs2Ppkm4aQYbjm+ZEWEcW4SfFNTr4uMNZma0ey4f5lgLrkB0aX0QMow==
    dependencies:
      has-flag "^3.0.0"
  
  supports-color@^7.1.0:
    version "7.2.0"
    resolved "https://registry.yarnpkg.com/supports-color/-/supports-color-7.2.0.tgz#1b7dcdcb32b8138801b3e478ba6a51caa89648da"
    integrity sha512-qpCAvRl9stuOHveKsn7HncJRvv501qIacKzQlO/+Lwxc9+0q2wLyv4Dfvt80/DPn2pqOBsJdDiogXGR9+OvwRw==
    dependencies:
      has-flag "^4.0.0"
  
  supports-preserve-symlinks-flag@^1.0.0:
    version "1.0.0"
    resolved "https://registry.yarnpkg.com/supports-preserve-symlinks-flag/-/supports-preserve-symlinks-flag-1.0.0.tgz#6eda4bd344a3c94aea376d4cc31bc77311039e09"
    integrity sha512-ot0WnXS9fgdkgIcePe6RHNk1WA8+muPa6cSjeR3V8K27q9BB1rTE3R1p7Hv0z1ZyAc8s6Vvv8DIyWf681MAt0w==
  
  systeminformation@^5.7:
    version "5.27.7"
    resolved "https://registry.yarnpkg.com/systeminformation/-/systeminformation-5.27.7.tgz#4dc9d436419948cd5e5f076779a1298220d19a72"
    integrity sha512-saaqOoVEEFaux4v0K8Q7caiauRwjXC4XbD2eH60dxHXbpKxQ8kH9Rf7Jh+nryKpOUSEFxtCdBlSUx0/lO6rwRg==
  
  to-regex-range@^5.0.1:
    version "5.0.1"
    resolved "https://registry.yarnpkg.com/to-regex-range/-/to-regex-range-5.0.1.tgz#1648c44aae7c8d988a326018ed72f5b4dd0392e4"
    integrity sha512-65P7iz6X5yEr1cwcgvQxbbIw7Uk3gOy5dIdtZ4rDveLqhrdJP+Li/Hx6tyK0NEb+2GCyneCMJiGqrADCSNk8sQ==
    dependencies:
      is-number "^7.0.0"
  
  toidentifier@1.0.1:
    version "1.0.1"
    resolved "https://registry.yarnpkg.com/toidentifier/-/toidentifier-1.0.1.tgz#3be34321a88a820ed1bd80dfaa33e479fbb8dd35"
    integrity sha512-o5sSPKEkg/DIQNmH43V0/uerLrpzVedkUh8tGNvaeXpfpuwjKenlSox/2O/BTlZUtEe+JG7s5YhEz608PlAHRA==
  
  touch@^3.1.0:
    version "3.1.1"
    resolved "https://registry.yarnpkg.com/touch/-/touch-3.1.1.tgz#097a23d7b161476435e5c1344a95c0f75b4a5694"
    integrity sha512-r0eojU4bI8MnHr8c5bNo7lJDdI2qXlWWJk6a9EAFG7vbhTjElYhBVS3/miuE0uOuoLdb8Mc/rVfsmm6eo5o9GA==
  
  tough-cookie@~2.5.0:
    version "2.5.0"
    resolved "https://registry.yarnpkg.com/tough-cookie/-/tough-cookie-2.5.0.tgz#cd9fb2a0aa1d5a12b473bd9fb96fa3dcff65ade2"
    integrity sha512-nlLsUzgm1kfLXSXfRZMc1KLAugd4hqJHDTvc2hDIwS3mZAfMEuMbc03SujMF+GEcpaX/qboeycw6iO8JwVv2+g==
    dependencies:
      psl "^1.1.28"
      punycode "^2.1.1"
  
  tr46@^3.0.0:
    version "3.0.0"
    resolved "https://registry.yarnpkg.com/tr46/-/tr46-3.0.0.tgz#555c4e297a950617e8eeddef633c87d4d9d6cbf9"
    integrity sha512-l7FvfAHlcmulp8kr+flpQZmVwtu7nfRV7NZujtN0OqES8EL4O4e0qqzL0DC5gAvx/ZC/9lk6rhcUwYvkBnBnYA==
    dependencies:
      punycode "^2.1.1"
  
  tslib@1.9.3:
    version "1.9.3"
    resolved "https://registry.yarnpkg.com/tslib/-/tslib-1.9.3.tgz#d7e4dd79245d85428c4d7e4822a79917954ca286"
    integrity sha512-4krF8scpejhaOgqzBEcGM7yDIEfi0/8+8zDRZhNZZ2kjmHJ4hv3zCbQWxoJGz1iw5U0Jl0nma13xzHXcncMavQ==
  
  tslib@^2.0.1, tslib@^2.6.2:
    version "2.8.1"
    resolved "https://registry.yarnpkg.com/tslib/-/tslib-2.8.1.tgz#612efe4ed235d567e8aba5f2a5fab70280ade83f"
    integrity sha512-oJFu94HQb+KVduSUQL7wnpmqnfmLsOA/nAh6b6EH0wCEoK0/mPeXU6c3wKDV83MkOuHPRHtSXKKU99IBazS/2w==
  
  tunnel-agent@^0.6.0:
    version "0.6.0"
    resolved "https://registry.yarnpkg.com/tunnel-agent/-/tunnel-agent-0.6.0.tgz#27a5dea06b36b04a0a9966774b290868f0fc40fd"
    integrity sha512-McnNiV1l8RYeY8tBgEpuodCC1mLUdbSN+CYBL7kJsJNInOP8UjDDEwdk6Mw60vdLLrr5NHKZhMAOSrR2NZuQ+w==
    dependencies:
      safe-buffer "^5.0.1"
  
  tv4@^1.3.0:
    version "1.3.0"
    resolved "https://registry.yarnpkg.com/tv4/-/tv4-1.3.0.tgz#d020c846fadd50c855abb25ebaecc68fc10f7963"
    integrity sha512-afizzfpJgvPr+eDkREK4MxJ/+r8nEEHcmitwgnPUqpaP+FpwQyadnxNoSACbgc/b1LsZYtODGoPiFxQrgJgjvw==
  
  tweetnacl@^0.14.3, tweetnacl@~0.14.0:
    version "0.14.5"
    resolved "https://registry.yarnpkg.com/tweetnacl/-/tweetnacl-0.14.5.tgz#5ae68177f192d4456269d108afa93ff8743f4f64"
    integrity sha512-KXXFFdAbFXY4geFIwoyNK+f5Z1b7swfXABfL7HXCmoIWMKU3dmS26672A4EeQtDzLKy7SXmfBu51JolvEKwtGA==
  
  tx2@~1.0.4:
    version "1.0.5"
    resolved "https://registry.yarnpkg.com/tx2/-/tx2-1.0.5.tgz#ee0b0e5e2c351f8d23e54bdf46dd60afa3bbc73d"
    integrity sha512-sJ24w0y03Md/bxzK4FU8J8JveYYUbSs2FViLJ2D/8bytSiyPRbuE3DyL/9UKYXTZlV3yXq0L8GLlhobTnekCVg==
    dependencies:
      json-stringify-safe "^5.0.1"
  
  type-is@^1.6.18, type-is@~1.6.18:
    version "1.6.18"
    resolved "https://registry.yarnpkg.com/type-is/-/type-is-1.6.18.tgz#4e552cd05df09467dcbc4ef739de89f2cf37c131"
    integrity sha512-TkRKr9sUTxEH8MdfuCSP7VizJyzRNMjj2J2do2Jr3Kym598JVdEksuzPQCnlFPW4ky9Q+iA+ma9BGm06XQBy8g==
    dependencies:
      media-typer "0.3.0"
      mime-types "~2.1.24"
  
  typedarray@^0.0.6:
    version "0.0.6"
    resolved "https://registry.yarnpkg.com/typedarray/-/typedarray-0.0.6.tgz#867ac74e3864187b1d3d47d996a78ec5c8830777"
    integrity sha512-/aCDEGatGvZ2BIk+HmLf4ifCJFwvKFNb9/JeZPMulfgFracn9QFcAf5GO8B/mweUjSoblS5In0cWhqpfs/5PQA==
  
  undefsafe@^2.0.5:
    version "2.0.5"
    resolved "https://registry.yarnpkg.com/undefsafe/-/undefsafe-2.0.5.tgz#38733b9327bdcd226db889fb723a6efd162e6e2c"
    integrity sha512-WxONCrssBM8TSPRqN5EmsjVrsv4A8X12J4ArBiiayv3DyyG3ZlIg6yysuuSYdZsVz3TKcTg2fd//Ujd4CHV1iA==
  
  undici-types@~7.10.0:
    version "7.10.0"
    resolved "https://registry.yarnpkg.com/undici-types/-/undici-types-7.10.0.tgz#4ac2e058ce56b462b056e629cc6a02393d3ff350"
    integrity sha512-t5Fy/nfn+14LuOc2KNYg75vZqClpAiqscVvMygNnlsHBFpSXdJaYtXMcdNLpl/Qvc3P2cB3s6lOV51nqsFq4ag==
  
  undici-types@~7.8.0:
    version "7.8.0"
    resolved "https://registry.yarnpkg.com/undici-types/-/undici-types-7.8.0.tgz#de00b85b710c54122e44fbfd911f8d70174cd294"
    integrity sha512-9UJ2xGDvQ43tYyVMpuHlsgApydB8ZKfVYTsLDhXkFL/6gfkp+U8xTGdh8pMJv1SpZna0zxG1DwsKZsreLbXBxw==
  
  unirest@^0.6.0:
    version "0.6.0"
    resolved "https://registry.yarnpkg.com/unirest/-/unirest-0.6.0.tgz#289b5ae59cc9fa9fdfff3b5866e0dd50bf5eb280"
    integrity sha512-BdYdcYJHXACqZ53k8Zz7QlNK/1W/HjCZlmg1OaaN/oTSp4FTWh0upXGSJsG88PljDBpSrNc2R649drasUA9NEg==
    dependencies:
      form-data "^0.2.0"
      mime "^2.4.0"
      request "^2.88.0"
  
  unpipe@1.0.0, unpipe@~1.0.0:
    version "1.0.0"
    resolved "https://registry.yarnpkg.com/unpipe/-/unpipe-1.0.0.tgz#b2bf4ee8514aae6165b4817829d21b2ef49904ec"
    integrity sha512-pjy2bYhSsufwWlKwPc+l3cN7+wuJlK6uz0YdJEOlQDbl6jo/YlPi4mb8agUkVC8BF7V8NuzeyPNqRksA3hztKQ==
  
  uri-js@^4.2.2:
    version "4.4.1"
    resolved "https://registry.yarnpkg.com/uri-js/-/uri-js-4.4.1.tgz#9b1a52595225859e55f669d928f88c6c57f2a77e"
    integrity sha512-7rKUyy33Q1yc98pQ1DAmLtwX109F7TIfWlW1Ydo8Wl1ii1SeHieeh0HHfPeL2fMXK6z0s8ecKs9frCuLJvndBg==
    dependencies:
      punycode "^2.1.0"
  
  util-deprecate@^1.0.1:
    version "1.0.2"
    resolved "https://registry.yarnpkg.com/util-deprecate/-/util-deprecate-1.0.2.tgz#450d4dc9fa70de732762fbd2d4a28981419a0ccf"
    integrity sha512-EPD5q1uXyFxJpCrLnCc1nHnq3gOa6DZBocAIiI2TaSCA7VCJ1UJDMagCzIkXNsUYfD1daK//LTEQ8xiIbrHtcw==
  
  utils-merge@1.0.1, utils-merge@^1.0.1:
    version "1.0.1"
    resolved "https://registry.yarnpkg.com/utils-merge/-/utils-merge-1.0.1.tgz#9f95710f50a267947b2ccc124741c1028427e713"
    integrity sha512-pMZTvIkT1d+TFGvDOqodOclx0QWkkgi6Tdoa8gC8ffGAAqz9pzPTZWAybbsHHoED/ztMtkv/VoYTYyShUn81hA==
  
  uuid@8.3.2:
    version "8.3.2"
    resolved "https://registry.yarnpkg.com/uuid/-/uuid-8.3.2.tgz#80d5b5ced271bb9af6c445f21a1a04c606cefbe2"
    integrity sha512-+NYs2QeMWy+GWFOEm9xnn6HCDp0l7QBD7ml8zLUmJ+93Q5NF0NocErnwkTkXVFNiX3/fpC6afS8Dhb/gz7R7eg==
  
  uuid@^11.1.0:
    version "11.1.0"
    resolved "https://registry.yarnpkg.com/uuid/-/uuid-11.1.0.tgz#9549028be1753bb934fc96e2bca09bb4105ae912"
    integrity sha512-0/A9rDy9P7cJ+8w1c9WD9V//9Wj15Ce2MPz8Ri6032usz+NfePxx5AcN3bN+r6ZL6jEo066/yNYB3tn4pQEx+A==
  
  uuid@^3.3.2:
    version "3.4.0"
    resolved "https://registry.yarnpkg.com/uuid/-/uuid-3.4.0.tgz#b23e4358afa8a202fe7a100af1f5f883f02007ee"
    integrity sha512-HjSDRw6gZE5JMggctHBcjVak08+KEVhSIiDzFnT9S9aegmp85S/bReBVTb4QTFaRNptJ9kuYaNhnbNEOkbKb/A==
  
  uuid@^9.0.1:
    version "9.0.1"
    resolved "https://registry.yarnpkg.com/uuid/-/uuid-9.0.1.tgz#e188d4c8853cc722220392c424cd637f32293f30"
    integrity sha512-b+1eJOlsR9K8HJpow9Ok3fiWOWSIcIzXodvv0rQjVoOVNpWMpxf1wZNpt4y9h10odCNrqnYp1OBzRktckBe3sA==
  
  vary@^1, vary@~1.1.2:
    version "1.1.2"
    resolved "https://registry.yarnpkg.com/vary/-/vary-1.1.2.tgz#2299f02c6ded30d4a5961b0b9f74524a18f634fc"
    integrity sha512-BNGbWLfd0eUPabhkXUVm0j8uuvREyTh5ovRa/dyow/BqAbZJyC+5fU+IzQOzmAKzYqYRAISoRhdQr3eIZ/PXqg==
  
  verror@1.10.0:
    version "1.10.0"
    resolved "https://registry.yarnpkg.com/verror/-/verror-1.10.0.tgz#3a105ca17053af55d6e270c1f8288682e18da400"
    integrity sha512-ZZKSmDAEFOijERBLkmYfJ+vmk3w+7hOLYDNkRCuRuMJGEmqYNCNLyBBFwWKVMhfwaEF3WOd0Zlw86U/WC/+nYw==
    dependencies:
      assert-plus "^1.0.0"
      core-util-is "1.0.2"
      extsprintf "^1.2.0"
  
  vizion@~2.2.1:
    version "2.2.1"
    resolved "https://registry.yarnpkg.com/vizion/-/vizion-2.2.1.tgz#04201ea45ffd145d5b5210e385a8f35170387fb2"
    integrity sha512-sfAcO2yeSU0CSPFI/DmZp3FsFE9T+8913nv1xWBOyzODv13fwkn6Vl7HqxGpkr9F608M+8SuFId3s+BlZqfXww==
    dependencies:
      async "^2.6.3"
      git-node-fs "^1.0.0"
      ini "^1.3.5"
      js-git "^0.7.8"
  
  webidl-conversions@^7.0.0:
    version "7.0.0"
    resolved "https://registry.yarnpkg.com/webidl-conversions/-/webidl-conversions-7.0.0.tgz#256b4e1882be7debbf01d05f0aa2039778ea080a"
    integrity sha512-VwddBukDzu71offAQR975unBIGqfKZpM+8ZX6ySk8nYhVoo5CYaZyzt3YBvYtRtO+aoGlqxPg/B87NGVZ/fu6g==
  
  whatwg-url@^11.0.0:
    version "11.0.0"
    resolved "https://registry.yarnpkg.com/whatwg-url/-/whatwg-url-11.0.0.tgz#0a849eebb5faf2119b901bb76fd795c2848d4018"
    integrity sha512-RKT8HExMpoYx4igMiVMY83lN6UeITKJlBQ+vR/8ZJ8OCdSiN3RwCq+9gH0+Xzj0+5IrM6i4j/6LuvzbZIQgEcQ==
    dependencies:
      tr46 "^3.0.0"
      webidl-conversions "^7.0.0"
  
  ws@^7.0.0, ws@~7.5.10:
    version "7.5.10"
    resolved "https://registry.yarnpkg.com/ws/-/ws-7.5.10.tgz#58b5c20dc281633f6c19113f39b349bd8bd558d9"
    integrity sha512-+dbF1tHwZpXcbOJdVOkzLDxZP1ailvSxM6ZweXTegylPny803bFhA+vqBYw4s31NSAk4S2Qz+AKXK9a4wkdjcQ==
  
  ws@~8.17.1:
    version "8.17.1"
    resolved "https://registry.yarnpkg.com/ws/-/ws-8.17.1.tgz#9293da530bb548febc95371d90f9c878727d919b"
    integrity sha512-6XQFvXTkbfUOZOKKILFG1PDK2NDQs4azKQl26T0YS5CxqWLgXajbPZ+h4gZekJyRqFU8pvnbAbbs/3TgRPy+GQ==
  
  xtend@^4.0.2:
    version "4.0.2"
    resolved "https://registry.yarnpkg.com/xtend/-/xtend-4.0.2.tgz#bb72779f5fa465186b1f438f674fa347fdb5db54"
    integrity sha512-LKYU1iAXJXUgAXn9URjiu+MWhyUXHsvfp7mcuYm9dSUKK0/CjtrUwFAxD82/mCWbtLsGjFIad0wIsod4zrTAEQ==
  
  yallist@^4.0.0:
    version "4.0.0"
    resolved "https://registry.yarnpkg.com/yallist/-/yallist-4.0.0.tgz#9bb92790d9c0effec63be73519e11a35019a3a72"
    integrity sha512-3wdGidZyq5PB084XLES5TpOSRA3wjXAlIWMhum2kRcv/41Sn2emQ0dycQW4uZXLejwKvg6EsvbdlVL+FYEct7A==
